# Blender v2.79 (sub 0) OBJ File: 'scene.blend'
# www.blender.org
mtllib avatar.mtl
o right_arm
v -0.795810 -2.012643 -2.833919
v -0.848639 -2.040367 -2.502088
v -0.923846 -1.821817 -2.501387
v -0.829354 -1.815203 -2.866758
v -0.873752 -2.053593 -2.100096
v -0.959645 -1.828429 -2.091780
v -0.985423 -1.567169 -2.081678
v -0.940610 -1.566400 -2.499814
v -0.835439 -1.565630 -2.874173
v -0.848639 -2.040367 -1.697127
v -0.923846 -1.821817 -1.681685
v -0.795810 -2.012644 -1.363249
v -0.829354 -1.815203 -1.315824
v -0.835439 -1.565629 -1.289070
v -0.940610 -1.566399 -1.663486
v -0.914128 -1.245669 -1.653429
v -0.958692 -1.245669 -2.066504
v -0.810759 -1.245669 -1.283426
v -0.778353 -0.882282 -1.279899
v -0.877542 -0.882282 -1.642117
v -0.920307 -0.882282 -2.046484
v -0.914128 -1.245670 -2.479581
v -0.810759 -1.245670 -2.849584
v -0.877542 -0.882282 -2.450854
v -0.778353 -0.882282 -2.813071
v -0.450095 -2.092987 -1.687118
v -0.435982 -2.040367 -1.316640
v -0.462783 -2.112828 -2.102283
v 0.000000 -2.137744 -2.103204
v 0.000000 -2.112828 -1.676454
v 0.000000 -2.053594 -1.294437
v -0.450095 -2.092987 -2.515983
v -0.435982 -2.040367 -2.882575
v 0.000000 -2.053593 -2.905755
v 0.000000 -2.112828 -2.528113
v 0.450095 -2.092987 -2.515983
v 0.462783 -2.112828 -2.102283
v 0.435982 -2.040367 -2.882575
v 0.795810 -2.012643 -2.833919
v 0.848639 -2.040367 -2.502088
v 0.873752 -2.053593 -2.100096
v 0.450095 -2.092987 -1.687118
v 0.435982 -2.040367 -1.316640
v 0.848639 -2.040367 -1.697127
v 0.795810 -2.012644 -1.363249
v 0.438317 -1.821817 -2.955167
v 0.829354 -1.815203 -2.866758
v 0.000000 -1.828430 -2.988719
v 0.000000 -1.567169 -3.016508
v 0.440790 -1.566400 -2.973972
v 0.835439 -1.565630 -2.874173
v -0.438317 -1.821817 -2.955167
v -0.440790 -1.566400 -2.973972
v -0.427678 -1.245670 -2.949422
v 0.000000 -1.245670 -2.992462
v -0.410575 -0.882282 -2.910761
v 0.000000 -0.882282 -2.952879
v 0.427678 -1.245670 -2.949422
v 0.810759 -1.245670 -2.849584
v 0.410575 -0.882282 -2.910761
v 0.778353 -0.882282 -2.813071
v 0.384030 -0.316646 -2.826958
v 0.728016 -0.316646 -2.733578
v 0.000000 -0.316646 -2.867214
v 0.000000 0.276387 -2.769612
v 0.355163 0.274679 -2.732592
v 0.673130 0.272972 -2.645477
v -0.384030 -0.316646 -2.826958
v -0.728016 -0.316646 -2.733580
v -0.673128 0.272972 -2.645477
v -0.355163 0.274679 -2.732592
v -0.321164 0.824874 -2.617113
v 0.000000 0.839549 -2.642768
v -0.607543 0.810200 -2.546291
v -0.535949 1.248300 -2.445449
v -0.291636 1.309812 -2.473390
v 0.000000 1.339161 -2.486863
v 0.321164 0.824874 -2.617113
v 0.607543 0.810200 -2.546291
v 0.291636 1.309812 -2.473390
v 0.535949 1.248300 -2.445449
v -0.820832 -0.316646 -2.387505
v -0.860844 -0.316646 -2.001143
v -0.793943 0.276387 -1.951973
v -0.757861 0.274679 -2.317876
v -0.820832 -0.316646 -1.614781
v -0.728016 -0.316646 -1.268707
v -0.673128 0.272971 -1.259052
v -0.757861 0.274679 -1.586362
v -0.675751 0.824873 -1.567177
v -0.701094 0.839549 -1.904072
v -0.607543 0.810200 -1.266869
v -0.535949 1.248300 -1.292866
v -0.565188 1.309812 -1.549766
v -0.579339 1.339160 -1.861396
v -0.675751 0.824873 -2.243474
v -0.565188 1.309812 -2.178041
v -0.438317 -1.821817 -1.227906
v 0.000000 -1.828429 -1.194843
v 0.000000 -1.567168 -1.146847
v -0.440790 -1.566399 -1.189328
v 0.438317 -1.821817 -1.227906
v 0.829354 -1.815203 -1.315825
v 0.835439 -1.565629 -1.289070
v 0.440790 -1.566399 -1.189328
v 0.427678 -1.245669 -1.183589
v 0.000000 -1.245669 -1.140547
v 0.810759 -1.245669 -1.283426
v 0.778353 -0.882282 -1.279899
v 0.410575 -0.882282 -1.182207
v 0.000000 -0.882282 -1.140089
v -0.427678 -1.245669 -1.183589
v -0.410575 -0.882282 -1.182207
v -0.384030 -0.316646 -1.175327
v 0.000000 -0.316646 -1.135071
v 0.000000 0.276387 -1.134335
v -0.355163 0.274679 -1.171646
v 0.384030 -0.316646 -1.175327
v 0.728016 -0.316646 -1.268705
v 0.673128 0.272971 -1.259052
v 0.355163 0.274679 -1.171646
v 0.321164 0.824873 -1.193540
v 0.000000 0.839549 -1.165376
v 0.607543 0.810200 -1.266869
v 0.535949 1.248300 -1.292865
v 0.291636 1.309812 -1.254417
v 0.000000 1.339160 -1.235929
v -0.321164 0.824873 -1.193540
v -0.291636 1.309812 -1.254417
v 0.923846 -1.821817 -1.681685
v 0.959645 -1.828429 -2.091780
v 0.985423 -1.567169 -2.081678
v 0.940610 -1.566399 -1.663486
v 0.923846 -1.821817 -2.501387
v 0.940610 -1.566400 -2.499814
v 0.914128 -1.245670 -2.479581
v 0.958692 -1.245670 -2.066504
v 0.877542 -0.882282 -2.450852
v 0.920307 -0.882282 -2.046484
v 0.914128 -1.245669 -1.653429
v 0.877542 -0.882282 -1.642117
v 0.820832 -0.316646 -1.614781
v 0.860844 -0.316646 -2.001142
v 0.793943 0.276387 -1.951973
v 0.757861 0.274679 -1.586362
v 0.820832 -0.316646 -2.387505
v 0.757861 0.274679 -2.317876
v 0.675751 0.824873 -2.243474
v 0.701094 0.839549 -1.904072
v 0.565188 1.309812 -2.178041
v 0.579339 1.339160 -1.861396
v 0.675751 0.824873 -1.567177
v 0.565188 1.309812 -1.549766
v 0.295295 1.426574 -1.534240
v 0.302081 1.470598 -1.850168
v 0.000000 1.525881 -1.845446
v 0.000000 1.470598 -1.522696
v 0.295295 1.426573 -2.173618
v 0.000000 1.470598 -2.177641
v -0.295295 1.426573 -2.173618
v -0.302081 1.470598 -1.850168
v -0.295295 1.426573 -1.534240
vt 0.670119 0.143058
vt 0.695493 0.143283
vt 0.695574 0.159317
vt 0.670281 0.159204
vt 0.720867 0.143508
vt 0.721122 0.159415
vt 0.721122 0.176487
vt 0.695635 0.176475
vt 0.670443 0.175351
vt 0.748322 0.143497
vt 0.748266 0.159424
vt 0.775776 0.143487
vt 0.775665 0.159419
vt 0.775553 0.175351
vt 0.748209 0.176488
vt 0.748148 0.200686
vt 0.721107 0.200686
vt 0.775428 0.200686
vt 0.775304 0.226020
vt 0.748097 0.227515
vt 0.721091 0.227515
vt 0.695569 0.200686
vt 0.670271 0.200686
vt 0.695489 0.227515
vt 0.670098 0.226020
vt 0.564367 0.037428
vt 0.586633 0.037041
vt 0.586466 0.060409
vt 0.564391 0.060811
vt 0.608899 0.036653
vt 0.608794 0.060037
vt 0.608463 0.083717
vt 0.586279 0.084117
vt 0.564414 0.084195
vt 0.632754 0.036822
vt 0.632713 0.059856
vt 0.656610 0.036992
vt 0.656884 0.059706
vt 0.657159 0.082420
vt 0.632636 0.083320
vt 0.632342 0.109482
vt 0.607909 0.109669
vt 0.657172 0.109311
vt 0.657185 0.136202
vt 0.632012 0.136074
vt 0.606840 0.135945
vt 0.585974 0.109957
vt 0.564437 0.110261
vt 0.585650 0.136136
vt 0.564460 0.136327
vt 0.779764 0.143805
vt 0.801784 0.143909
vt 0.801830 0.159329
vt 0.779854 0.159217
vt 0.823805 0.144012
vt 0.823872 0.159430
vt 0.823883 0.175894
vt 0.801879 0.175783
vt 0.779945 0.175136
vt 0.846281 0.143929
vt 0.846336 0.159460
vt 0.868757 0.143845
vt 0.868868 0.159479
vt 0.868978 0.175620
vt 0.846383 0.175997
vt 0.846379 0.200218
vt 0.823892 0.200158
vt 0.868954 0.200279
vt 0.868930 0.225444
vt 0.846371 0.226731
vt 0.823898 0.226724
vt 0.801951 0.200097
vt 0.780097 0.200037
vt 0.802014 0.226716
vt 0.780250 0.225444
vt 0.801994 0.263851
vt 0.780184 0.263851
vt 0.823898 0.263851
vt 0.823898 0.297663
vt 0.801991 0.297664
vt 0.780118 0.296791
vt 0.846387 0.263851
vt 0.868970 0.263851
vt 0.869010 0.296791
vt 0.846391 0.297662
vt 0.846295 0.330113
vt 0.823908 0.330124
vt 0.868785 0.330102
vt 0.868560 0.370121
vt 0.846183 0.370143
vt 0.823805 0.370165
vt 0.802171 0.330135
vt 0.780538 0.330146
vt 0.802381 0.370187
vt 0.780958 0.370209
vt 0.695447 0.263719
vt 0.670028 0.263719
vt 0.721088 0.263719
vt 0.721087 0.296451
vt 0.695407 0.296442
vt 0.669957 0.296853
vt 0.748114 0.263719
vt 0.775360 0.263719
vt 0.775416 0.296853
vt 0.748143 0.296452
vt 0.748177 0.335796
vt 0.721082 0.335793
vt 0.775487 0.335788
vt 0.775557 0.370158
vt 0.748212 0.370175
vt 0.720867 0.370191
vt 0.695331 0.335719
vt 0.669794 0.335634
vt 0.695249 0.370020
vt 0.669631 0.369849
vt 0.875178 0.143659
vt 0.896812 0.143927
vt 0.896737 0.159482
vt 0.875027 0.159348
vt 0.918446 0.144194
vt 0.918580 0.159548
vt 0.918571 0.178702
vt 0.896662 0.178695
vt 0.874876 0.176559
vt 0.941266 0.143343
vt 0.941266 0.159190
vt 0.964085 0.142492
vt 0.964085 0.158765
vt 0.964085 0.176559
vt 0.941266 0.178659
vt 0.941266 0.199131
vt 0.918562 0.199131
vt 0.964085 0.199131
vt 0.964085 0.229311
vt 0.941266 0.229547
vt 0.918557 0.229547
vt 0.896590 0.199131
vt 0.874733 0.199131
vt 0.896534 0.229547
vt 0.874589 0.229311
vt 0.896577 0.261442
vt 0.874698 0.261442
vt 0.918569 0.261442
vt 0.918581 0.297835
vt 0.896620 0.297835
vt 0.874807 0.297122
vt 0.941271 0.261442
vt 0.964085 0.261442
vt 0.964085 0.297122
vt 0.941277 0.297835
vt 0.941293 0.331596
vt 0.918570 0.331596
vt 0.964131 0.331596
vt 0.964176 0.369620
vt 0.941311 0.369620
vt 0.918446 0.369620
vt 0.896558 0.331596
vt 0.874660 0.331596
vt 0.896480 0.369620
vt 0.874513 0.369620
vt 0.559725 0.143235
vt 0.588540 0.143235
vt 0.587890 0.159381
vt 0.559725 0.159381
vt 0.617355 0.143235
vt 0.615575 0.159366
vt 0.614530 0.176185
vt 0.587297 0.176213
vt 0.559725 0.175526
vt 0.640896 0.143235
vt 0.640246 0.159262
vt 0.664436 0.143235
vt 0.664436 0.159143
vt 0.664436 0.175052
vt 0.639652 0.175986
vt 0.639414 0.197082
vt 0.614114 0.197316
vt 0.664436 0.196815
vt 0.664436 0.218578
vt 0.639232 0.221008
vt 0.613792 0.221261
vt 0.587059 0.197349
vt 0.559725 0.197349
vt 0.586876 0.221296
vt 0.559725 0.219171
vt 0.586684 0.258571
vt 0.559725 0.258571
vt 0.613454 0.258540
vt 0.613018 0.297514
vt 0.586435 0.297539
vt 0.559725 0.297971
vt 0.639040 0.258315
vt 0.664436 0.258060
vt 0.664436 0.297543
vt 0.638791 0.297333
vt 0.638196 0.333690
vt 0.611971 0.333784
vt 0.664436 0.333582
vt 0.664436 0.369622
vt 0.637546 0.369622
vt 0.610656 0.369622
vt 0.585840 0.333797
vt 0.559725 0.333797
vt 0.585190 0.369622
vt 0.559725 0.369622
vt 0.561477 0.386666
vt 0.584506 0.385959
vt 0.584449 0.410914
vt 0.561355 0.411522
vt 0.607535 0.385253
vt 0.607549 0.410393
vt 0.607512 0.435420
vt 0.584382 0.435875
vt 0.561234 0.436377
vt 0.630753 0.385689
vt 0.630685 0.410416
vt 0.653971 0.386126
vt 0.653826 0.410526
vt 0.653680 0.434926
vt 0.630607 0.435220
vt 0.630473 0.460508
vt 0.607286 0.460602
vt 0.653685 0.460444
vt 0.653689 0.485962
vt 0.630330 0.485874
vt 0.606971 0.485786
vt 0.584249 0.460878
vt 0.561236 0.461182
vt 0.584104 0.485887
vt 0.561238 0.485987
vn -0.6083 -0.4914 -0.6233
vn -0.7970 -0.5854 -0.1488
vn -0.9716 -0.1680 -0.1665
vn -0.7087 -0.1582 -0.6875
vn -0.7841 -0.6206 -0.0027
vn -0.9809 -0.1944 -0.0022
vn -1.0000 -0.0000 -0.0010
vn -0.9825 0.0135 -0.1857
vn -0.7161 0.0211 -0.6977
vn -0.7891 -0.5971 0.1439
vn -0.9702 -0.1793 0.1629
vn -0.6234 -0.5254 0.5791
vn -0.7173 -0.2007 0.6673
vn -0.7219 -0.0319 0.6913
vn -0.9828 -0.0008 0.1849
vn -0.9788 0.0831 0.1873
vn -0.9956 0.0936 -0.0002
vn -0.7124 0.0485 0.7001
vn -0.7158 0.0539 0.6962
vn -0.9788 0.0905 0.1838
vn -0.9946 0.1040 -0.0010
vn -0.9770 0.1020 -0.1873
vn -0.7084 0.1182 -0.6958
vn -0.9759 0.1152 -0.1852
vn -0.7062 0.1449 -0.6930
vn -0.0857 -0.9920 0.0927
vn -0.1254 -0.6439 0.7547
vn -0.0948 -0.9955 -0.0001
vn -0.0000 -1.0000 -0.0002
vn -0.0000 -0.9948 0.1015
vn -0.0000 -0.6707 0.7417
vn -0.0864 -0.9918 -0.0938
vn -0.1300 -0.5928 -0.7948
vn 0.0001 -0.6225 -0.7826
vn -0.0000 -0.9947 -0.1029
vn 0.0862 -0.9919 -0.0935
vn 0.0948 -0.9955 -0.0001
vn 0.1300 -0.5928 -0.7948
vn 0.6083 -0.4914 -0.6233
vn 0.7968 -0.5853 -0.1498
vn 0.7841 -0.6206 -0.0027
vn 0.0857 -0.9920 0.0927
vn 0.1254 -0.6439 0.7547
vn 0.7891 -0.5971 0.1439
vn 0.6234 -0.5254 0.5791
vn 0.1466 -0.1725 -0.9740
vn 0.7087 -0.1582 -0.6875
vn -0.0000 -0.1976 -0.9803
vn -0.0000 -0.0060 -1.0000
vn 0.1694 0.0054 -0.9855
vn 0.7161 0.0211 -0.6977
vn -0.1466 -0.1725 -0.9740
vn -0.1694 0.0054 -0.9855
vn -0.1752 0.0980 -0.9797
vn -0.0000 0.0933 -0.9956
vn -0.1779 0.1324 -0.9751
vn -0.0000 0.1292 -0.9916
vn 0.1752 0.0980 -0.9797
vn 0.7084 0.1182 -0.6958
vn 0.1779 0.1324 -0.9751
vn 0.7062 0.1449 -0.6930
vn 0.1808 0.1584 -0.9707
vn 0.7173 0.1634 -0.6773
vn -0.0000 0.1564 -0.9877
vn -0.0000 0.1879 -0.9822
vn 0.1788 0.1873 -0.9659
vn 0.7197 0.1886 -0.6682
vn -0.1808 0.1584 -0.9707
vn -0.7172 0.1634 -0.6774
vn -0.7197 0.1886 -0.6682
vn -0.1789 0.1872 -0.9659
vn -0.1614 0.2457 -0.9558
vn 0.0000 0.2525 -0.9676
vn -0.7168 0.2446 -0.6530
vn -0.6789 0.4328 -0.5932
vn -0.1865 0.5435 -0.8184
vn -0.0000 0.5515 -0.8342
vn 0.1614 0.2457 -0.9558
vn 0.7168 0.2446 -0.6530
vn 0.1865 0.5435 -0.8184
vn 0.6789 0.4328 -0.5932
vn -0.9764 0.1209 -0.1791
vn -0.9942 0.1072 0.0004
vn -0.9911 0.1330 0.0017
vn -0.9748 0.1444 -0.1700
vn -0.9793 0.0920 0.1803
vn -0.7178 0.0531 0.6943
vn -0.7176 0.0785 0.6920
vn -0.9781 0.1166 0.1722
vn -0.9733 0.1723 0.1515
vn -0.9813 0.1924 0.0023
vn -0.7107 0.1372 0.6900
vn -0.6411 0.3455 0.6852
vn -0.8687 0.4627 0.1769
vn -0.8763 0.4818 0.0063
vn -0.9695 0.1962 -0.1472
vn -0.8584 0.4860 -0.1644
vn -0.1457 -0.2398 0.9598
vn -0.0000 -0.2648 0.9643
vn -0.0000 -0.0880 0.9961
vn -0.1700 -0.0759 0.9825
vn 0.1457 -0.2398 0.9598
vn 0.7173 -0.2007 0.6673
vn 0.7219 -0.0319 0.6913
vn 0.1700 -0.0759 0.9825
vn 0.1765 -0.0022 0.9843
vn -0.0000 -0.0084 1.0000
vn 0.7124 0.0485 0.7001
vn 0.7158 0.0539 0.6962
vn 0.1801 0.0012 0.9837
vn -0.0000 -0.0041 1.0000
vn -0.1765 -0.0022 0.9843
vn -0.1801 0.0012 0.9837
vn -0.1832 0.0002 0.9831
vn -0.0000 -0.0046 1.0000
vn -0.0000 0.0247 0.9997
vn -0.1819 0.0266 0.9830
vn 0.1832 0.0002 0.9831
vn 0.7178 0.0531 0.6943
vn 0.7176 0.0785 0.6920
vn 0.1820 0.0265 0.9829
vn 0.1648 0.0864 0.9825
vn 0.0000 0.0919 0.9958
vn 0.7107 0.1372 0.6900
vn 0.6411 0.3455 0.6852
vn 0.1939 0.4106 0.8910
vn -0.0000 0.4171 0.9088
vn -0.1648 0.0864 0.9825
vn -0.1939 0.4106 0.8910
vn 0.9702 -0.1793 0.1629
vn 0.9809 -0.1944 -0.0022
vn 1.0000 0.0000 -0.0011
vn 0.9828 -0.0008 0.1849
vn 0.9716 -0.1680 -0.1665
vn 0.9825 0.0135 -0.1857
vn 0.9770 0.1017 -0.1872
vn 0.9956 0.0936 -0.0002
vn 0.9759 0.1152 -0.1852
vn 0.9946 0.1040 -0.0010
vn 0.9788 0.0831 0.1873
vn 0.9787 0.0904 0.1842
vn 0.9793 0.0920 0.1803
vn 0.9942 0.1071 0.0007
vn 0.9911 0.1330 0.0017
vn 0.9781 0.1166 0.1721
vn 0.9763 0.1209 -0.1792
vn 0.9748 0.1443 -0.1700
vn 0.9695 0.1962 -0.1472
vn 0.9813 0.1924 0.0023
vn 0.8584 0.4860 -0.1644
vn 0.8763 0.4818 0.0063
vn 0.9733 0.1723 0.1515
vn 0.8687 0.4627 0.1769
vn 0.2685 0.9299 0.2515
vn 0.2982 0.9545 0.0024
vn -0.0000 1.0000 0.0034
vn 0.0000 0.9579 0.2872
vn 0.2600 0.9357 -0.2386
vn 0.0000 0.9628 -0.2702
vn -0.2600 0.9357 -0.2386
vn -0.2982 0.9545 0.0024
vn -0.2685 0.9299 0.2515
usemtl Material.004
s 1
f 1/1/1 2/2/2 3/3/3 4/4/4
f 2/2/2 5/5/5 6/6/6 3/3/3
f 3/3/3 6/6/6 7/7/7 8/8/8
f 4/4/4 3/3/3 8/8/8 9/9/9
f 5/5/5 10/10/10 11/11/11 6/6/6
f 10/10/10 12/12/12 13/13/13 11/11/11
f 11/11/11 13/13/13 14/14/14 15/15/15
f 6/6/6 11/11/11 15/15/15 7/7/7
f 7/7/7 15/15/15 16/16/16 17/17/17
f 15/15/15 14/14/14 18/18/18 16/16/16
f 16/16/16 18/18/18 19/19/19 20/20/20
f 17/17/17 16/16/16 20/20/20 21/21/21
f 9/9/9 8/8/8 22/22/22 23/23/23
f 8/8/8 7/7/7 17/17/17 22/22/22
f 22/22/22 17/17/17 21/21/21 24/24/24
f 23/23/23 22/22/22 24/24/24 25/25/25
f 12/26/12 10/27/10 26/28/26 27/29/27
f 10/27/10 5/30/5 28/31/28 26/28/26
f 26/28/26 28/31/28 29/32/29 30/33/30
f 27/29/27 26/28/26 30/33/30 31/34/31
f 5/30/5 2/35/2 32/36/32 28/31/28
f 2/35/2 1/37/1 33/38/33 32/36/32
f 32/36/32 33/38/33 34/39/34 35/40/35
f 28/31/28 32/36/32 35/40/35 29/32/29
f 29/32/29 35/40/35 36/41/36 37/42/37
f 35/40/35 34/39/34 38/43/38 36/41/36
f 36/41/36 38/43/38 39/44/39 40/45/40
f 37/42/37 36/41/36 40/45/40 41/46/41
f 31/34/31 30/33/30 42/47/42 43/48/43
f 30/33/30 29/32/29 37/42/37 42/47/42
f 42/47/42 37/42/37 41/46/41 44/49/44
f 43/48/43 42/47/42 44/49/44 45/50/45
f 39/51/39 38/52/38 46/53/46 47/54/47
f 38/52/38 34/55/34 48/56/48 46/53/46
f 46/53/46 48/56/48 49/57/49 50/58/50
f 47/54/47 46/53/46 50/58/50 51/59/51
f 34/55/34 33/60/33 52/61/52 48/56/48
f 33/60/33 1/62/1 4/63/4 52/61/52
f 52/61/52 4/63/4 9/64/9 53/65/53
f 48/56/48 52/61/52 53/65/53 49/57/49
f 49/57/49 53/65/53 54/66/54 55/67/55
f 53/65/53 9/64/9 23/68/23 54/66/54
f 54/66/54 23/68/23 25/69/25 56/70/56
f 55/67/55 54/66/54 56/70/56 57/71/57
f 51/59/51 50/58/50 58/72/58 59/73/59
f 50/58/50 49/57/49 55/67/55 58/72/58
f 58/72/58 55/67/55 57/71/57 60/74/60
f 59/73/59 58/72/58 60/74/60 61/75/61
f 61/75/61 60/74/60 62/76/62 63/77/63
f 60/74/60 57/71/57 64/78/64 62/76/62
f 62/76/62 64/78/64 65/79/65 66/80/66
f 63/77/63 62/76/62 66/80/66 67/81/67
f 57/71/57 56/70/56 68/82/68 64/78/64
f 56/70/56 25/69/25 69/83/69 68/82/68
f 68/82/68 69/83/69 70/84/70 71/85/71
f 64/78/64 68/82/68 71/85/71 65/79/65
f 65/79/65 71/85/71 72/86/72 73/87/73
f 71/85/71 70/84/70 74/88/74 72/86/72
f 72/86/72 74/88/74 75/89/75 76/90/76
f 73/87/73 72/86/72 76/90/76 77/91/77
f 67/81/67 66/80/66 78/92/78 79/93/79
f 66/80/66 65/79/65 73/87/73 78/92/78
f 78/92/78 73/87/73 77/91/77 80/94/80
f 79/93/79 78/92/78 80/94/80 81/95/81
f 25/25/25 24/24/24 82/96/82 69/97/69
f 24/24/24 21/21/21 83/98/83 82/96/82
f 82/96/82 83/98/83 84/99/84 85/100/85
f 69/97/69 82/96/82 85/100/85 70/101/70
f 21/21/21 20/20/20 86/102/86 83/98/83
f 20/20/20 19/19/19 87/103/87 86/102/86
f 86/102/86 87/103/87 88/104/88 89/105/89
f 83/98/83 86/102/86 89/105/89 84/99/84
f 84/99/84 89/105/89 90/106/90 91/107/91
f 89/105/89 88/104/88 92/108/92 90/106/90
f 90/106/90 92/108/92 93/109/93 94/110/94
f 91/107/91 90/106/90 94/110/94 95/111/95
f 70/101/70 85/100/85 96/112/96 74/113/74
f 85/100/85 84/99/84 91/107/91 96/112/96
f 96/112/96 91/107/91 95/111/95 97/114/97
f 74/113/74 96/112/96 97/114/97 75/115/75
f 12/116/12 27/117/27 98/118/98 13/119/13
f 27/117/27 31/120/31 99/121/99 98/118/98
f 98/118/98 99/121/99 100/122/100 101/123/101
f 13/119/13 98/118/98 101/123/101 14/124/14
f 31/120/31 43/125/43 102/126/102 99/121/99
f 43/125/43 45/127/45 103/128/103 102/126/102
f 102/126/102 103/128/103 104/129/104 105/130/105
f 99/121/99 102/126/102 105/130/105 100/122/100
f 100/122/100 105/130/105 106/131/106 107/132/107
f 105/130/105 104/129/104 108/133/108 106/131/106
f 106/131/106 108/133/108 109/134/109 110/135/110
f 107/132/107 106/131/106 110/135/110 111/136/111
f 14/124/14 101/123/101 112/137/112 18/138/18
f 101/123/101 100/122/100 107/132/107 112/137/112
f 112/137/112 107/132/107 111/136/111 113/139/113
f 18/138/18 112/137/112 113/139/113 19/140/19
f 19/140/19 113/139/113 114/141/114 87/142/87
f 113/139/113 111/136/111 115/143/115 114/141/114
f 114/141/114 115/143/115 116/144/116 117/145/117
f 87/142/87 114/141/114 117/145/117 88/146/88
f 111/136/111 110/135/110 118/147/118 115/143/115
f 110/135/110 109/134/109 119/148/119 118/147/118
f 118/147/118 119/148/119 120/149/120 121/150/121
f 115/143/115 118/147/118 121/150/121 116/144/116
f 116/144/116 121/150/121 122/151/122 123/152/123
f 121/150/121 120/149/120 124/153/124 122/151/122
f 122/151/122 124/153/124 125/154/125 126/155/126
f 123/152/123 122/151/122 126/155/126 127/156/127
f 88/146/88 117/145/117 128/157/128 92/158/92
f 117/145/117 116/144/116 123/152/123 128/157/128
f 128/157/128 123/152/123 127/156/127 129/159/129
f 92/158/92 128/157/128 129/159/129 93/160/93
f 45/161/45 44/162/44 130/163/130 103/164/103
f 44/162/44 41/165/41 131/166/131 130/163/130
f 130/163/130 131/166/131 132/167/132 133/168/133
f 103/164/103 130/163/130 133/168/133 104/169/104
f 41/165/41 40/170/40 134/171/134 131/166/131
f 40/170/40 39/172/39 47/173/47 134/171/134
f 134/171/134 47/173/47 51/174/51 135/175/135
f 131/166/131 134/171/134 135/175/135 132/167/132
f 132/167/132 135/175/135 136/176/136 137/177/137
f 135/175/135 51/174/51 59/178/59 136/176/136
f 136/176/136 59/178/59 61/179/61 138/180/138
f 137/177/137 136/176/136 138/180/138 139/181/139
f 104/169/104 133/168/133 140/182/140 108/183/108
f 133/168/133 132/167/132 137/177/137 140/182/140
f 140/182/140 137/177/137 139/181/139 141/184/141
f 108/183/108 140/182/140 141/184/141 109/185/109
f 109/185/109 141/184/141 142/186/142 119/187/119
f 141/184/141 139/181/139 143/188/143 142/186/142
f 142/186/142 143/188/143 144/189/144 145/190/145
f 119/187/119 142/186/142 145/190/145 120/191/120
f 139/181/139 138/180/138 146/192/146 143/188/143
f 138/180/138 61/179/61 63/193/63 146/192/146
f 146/192/146 63/193/63 67/194/67 147/195/147
f 143/188/143 146/192/146 147/195/147 144/189/144
f 144/189/144 147/195/147 148/196/148 149/197/149
f 147/195/147 67/194/67 79/198/79 148/196/148
f 148/196/148 79/198/79 81/199/81 150/200/150
f 149/197/149 148/196/148 150/200/150 151/201/151
f 120/191/120 145/190/145 152/202/152 124/203/124
f 145/190/145 144/189/144 149/197/149 152/202/152
f 152/202/152 149/197/149 151/201/151 153/204/153
f 124/203/124 152/202/152 153/204/153 125/205/125
f 125/206/125 153/207/153 154/208/154 126/209/126
f 153/207/153 151/210/151 155/211/155 154/208/154
f 154/208/154 155/211/155 156/212/156 157/213/157
f 126/209/126 154/208/154 157/213/157 127/214/127
f 151/210/151 150/215/150 158/216/158 155/211/155
f 150/215/150 81/217/81 80/218/80 158/216/158
f 158/216/158 80/218/80 77/219/77 159/220/159
f 155/211/155 158/216/158 159/220/159 156/212/156
f 156/212/156 159/220/159 160/221/160 161/222/161
f 159/220/159 77/219/77 76/223/76 160/221/160
f 160/221/160 76/223/76 75/224/75 97/225/97
f 161/222/161 160/221/160 97/225/97 95/226/95
f 127/214/127 157/213/157 162/227/162 129/228/129
f 157/213/157 156/212/156 161/222/161 162/227/162
f 162/227/162 161/222/161 95/226/95 94/229/94
f 129/228/129 162/227/162 94/229/94 93/230/93
o right_leg
v -0.803046 -5.236690 -1.725205
v -0.856354 -5.266168 -1.390358
v -0.932246 -5.033780 -1.389649
v -0.836896 -5.026746 -1.758344
v -0.881698 -5.280232 -0.984711
v -0.968370 -5.040812 -0.976319
v -0.994382 -4.763007 -0.966124
v -0.949163 -4.762189 -1.388063
v -0.843036 -4.761372 -1.765826
v -0.856354 -5.266168 -0.578076
v -0.932246 -5.033780 -0.562495
v -0.803046 -5.236690 -0.241162
v -0.836896 -5.026747 -0.193308
v -0.843036 -4.761371 -0.166309
v -0.949163 -4.762189 -0.544129
v -0.922440 -4.421151 -0.533982
v -0.967408 -4.421151 -0.950813
v -0.818132 -4.421151 -0.160615
v -0.785430 -4.034755 -0.157055
v -0.885521 -4.034755 -0.522567
v -0.928675 -4.034755 -0.930611
v -0.922440 -4.421151 -1.367645
v -0.818132 -4.421151 -1.741012
v -0.885521 -4.034755 -1.338657
v -0.785430 -4.034755 -1.704167
v -0.454186 -5.322122 -0.567978
v -0.439945 -5.266168 -0.194130
v -0.466991 -5.343218 -0.986917
v 0.000000 -5.369711 -0.987846
v 0.000000 -5.343218 -0.557216
v 0.000000 -5.280232 -0.171725
v -0.454186 -5.322122 -1.404377
v -0.439945 -5.266168 -1.774303
v 0.000000 -5.280232 -1.797693
v 0.000000 -5.343218 -1.416618
v 0.454186 -5.322122 -1.404377
v 0.466991 -5.343218 -0.986917
v 0.439945 -5.266168 -1.774303
v 0.803046 -5.236690 -1.725205
v 0.856354 -5.266168 -1.390358
v 0.881698 -5.280232 -0.984711
v 0.454186 -5.322122 -0.567978
v 0.439945 -5.266168 -0.194130
v 0.856354 -5.266168 -0.578076
v 0.803046 -5.236690 -0.241162
v 0.442302 -5.033780 -1.847556
v 0.836896 -5.026746 -1.758344
v 0.000000 -5.040811 -1.881412
v 0.000000 -4.763008 -1.909454
v 0.444798 -4.762189 -1.866532
v 0.843036 -4.761372 -1.765826
v -0.442302 -5.033780 -1.847556
v -0.444798 -4.762189 -1.866532
v -0.431567 -4.421151 -1.841758
v 0.000000 -4.421151 -1.885190
v -0.414308 -4.034755 -1.802746
v 0.000000 -4.034755 -1.845247
v 0.431567 -4.421151 -1.841758
v 0.818132 -4.421151 -1.741012
v 0.414308 -4.034755 -1.802746
v 0.785430 -4.034755 -1.704167
v 0.387523 -3.433301 -1.718181
v 0.734635 -3.433301 -1.623953
v 0.000000 -3.433301 -1.758804
v 0.000000 -2.802718 -1.660313
v 0.358392 -2.804534 -1.622958
v 0.679249 -2.806350 -1.535051
v -0.387521 -3.433301 -1.718181
v -0.734635 -3.433301 -1.623953
v -0.679249 -2.806350 -1.535051
v -0.358392 -2.804534 -1.622958
v -0.324084 -2.219501 -1.506428
v 0.000000 -2.203896 -1.532317
v -0.613067 -2.235105 -1.434961
v -0.540823 -1.769263 -1.333202
v -0.294288 -1.703856 -1.361397
v 0.000000 -1.672649 -1.374994
v 0.324084 -2.219501 -1.506428
v 0.613067 -2.235105 -1.434961
v 0.294288 -1.703856 -1.361397
v 0.540823 -1.769263 -1.333202
v -0.828295 -3.433301 -1.274732
v -0.868670 -3.433301 -0.884856
v -0.801162 -2.802719 -0.835241
v -0.764751 -2.804534 -1.204470
v -0.828295 -3.433301 -0.494982
v -0.734635 -3.433301 -0.145761
v -0.679249 -2.806350 -0.136019
v -0.764751 -2.804534 -0.466306
v -0.681895 -2.219501 -0.446946
v -0.707468 -2.203896 -0.786904
v -0.613067 -2.235105 -0.143908
v -0.540823 -1.769264 -0.170140
v -0.570327 -1.703856 -0.429376
v -0.584606 -1.672649 -0.743839
v -0.681895 -2.219501 -1.129393
v -0.570327 -1.703856 -1.063364
v -0.442302 -5.033780 -0.104589
v 0.000000 -5.040812 -0.071226
v 0.000000 -4.763007 -0.022794
v -0.444798 -4.762189 -0.065660
v 0.442302 -5.033780 -0.104589
v 0.836896 -5.026747 -0.193308
v 0.843036 -4.761371 -0.166309
v 0.444798 -4.762189 -0.065660
v 0.431567 -4.421151 -0.059869
v 0.000000 -4.421151 -0.016436
v 0.818132 -4.421151 -0.160615
v 0.785430 -4.034755 -0.157055
v 0.414308 -4.034755 -0.058476
v 0.000000 -4.034755 -0.015975
v -0.431567 -4.421151 -0.059869
v -0.414308 -4.034755 -0.058476
v -0.387521 -3.433301 -0.051532
v 0.000000 -3.433301 -0.010910
v 0.000000 -2.802719 -0.010168
v -0.358392 -2.804534 -0.047819
v 0.387521 -3.433301 -0.051532
v 0.734635 -3.433301 -0.145761
v 0.679249 -2.806350 -0.136019
v 0.358392 -2.804534 -0.047818
v 0.324084 -2.219501 -0.069911
v 0.000000 -2.203896 -0.041492
v 0.613067 -2.235105 -0.143908
v 0.540823 -1.769264 -0.170139
v 0.294288 -1.703856 -0.131342
v 0.000000 -1.672649 -0.112686
v -0.324084 -2.219501 -0.069911
v -0.294288 -1.703856 -0.131342
v 0.932246 -5.033780 -0.562495
v 0.968370 -5.040812 -0.976319
v 0.994382 -4.763007 -0.966124
v 0.949163 -4.762189 -0.544129
v 0.932246 -5.033780 -1.389649
v 0.949163 -4.762189 -1.388063
v 0.922440 -4.421151 -1.367645
v 0.967408 -4.421151 -0.950813
v 0.885521 -4.034755 -1.338657
v 0.928675 -4.034755 -0.930611
v 0.922440 -4.421151 -0.533982
v 0.885521 -4.034755 -0.522566
v 0.828295 -3.433301 -0.494982
v 0.868670 -3.433301 -0.884856
v 0.801162 -2.802719 -0.835241
v 0.764751 -2.804534 -0.466306
v 0.828295 -3.433301 -1.274732
v 0.764751 -2.804534 -1.204470
v 0.681895 -2.219501 -1.129392
v 0.707468 -2.203896 -0.786904
v 0.570327 -1.703856 -1.063364
v 0.584606 -1.672649 -0.743839
v 0.681895 -2.219501 -0.446946
v 0.570327 -1.703856 -0.429376
v 0.297981 -1.579702 -0.413708
v 0.304827 -1.532889 -0.732510
v 0.000000 -1.474104 -0.727744
v 0.000000 -1.532889 -0.402059
v 0.297981 -1.579702 -1.058900
v 0.000000 -1.532889 -1.062960
v -0.297981 -1.579702 -1.058900
v -0.304827 -1.532889 -0.732510
v -0.297981 -1.579702 -0.413708
vt 0.669033 0.143058
vt 0.694408 0.143283
vt 0.694489 0.159317
vt 0.669196 0.159204
vt 0.719782 0.143508
vt 0.720036 0.159415
vt 0.720036 0.176487
vt 0.694550 0.176475
vt 0.669358 0.175351
vt 0.747236 0.143497
vt 0.747180 0.159424
vt 0.774691 0.143487
vt 0.774579 0.159419
vt 0.774467 0.175351
vt 0.747124 0.176488
vt 0.747062 0.200686
vt 0.720021 0.200686
vt 0.774343 0.200686
vt 0.774219 0.226020
vt 0.747011 0.227515
vt 0.720006 0.227515
vt 0.694483 0.200686
vt 0.669185 0.200686
vt 0.694403 0.227515
vt 0.669012 0.226020
vt 0.563281 0.037428
vt 0.585547 0.037041
vt 0.585380 0.060409
vt 0.563305 0.060811
vt 0.607813 0.036653
vt 0.607709 0.060037
vt 0.607377 0.083717
vt 0.585194 0.084117
vt 0.563328 0.084195
vt 0.631669 0.036822
vt 0.631627 0.059856
vt 0.655524 0.036992
vt 0.655799 0.059706
vt 0.656073 0.082420
vt 0.631551 0.083320
vt 0.631256 0.109482
vt 0.606824 0.109668
vt 0.656086 0.109311
vt 0.656099 0.136202
vt 0.630927 0.136074
vt 0.605754 0.135945
vt 0.584889 0.109957
vt 0.563351 0.110261
vt 0.584564 0.136136
vt 0.563374 0.136327
vt 0.778678 0.143805
vt 0.800698 0.143909
vt 0.800744 0.159329
vt 0.778769 0.159217
vt 0.822719 0.144012
vt 0.822786 0.159430
vt 0.822798 0.175894
vt 0.800793 0.175783
vt 0.778860 0.175136
vt 0.845195 0.143929
vt 0.845250 0.159460
vt 0.867671 0.143845
vt 0.867782 0.159479
vt 0.867892 0.175620
vt 0.845298 0.175997
vt 0.845294 0.200218
vt 0.822806 0.200158
vt 0.867868 0.200279
vt 0.867844 0.225444
vt 0.845286 0.226731
vt 0.822813 0.226724
vt 0.800865 0.200097
vt 0.779012 0.200037
vt 0.800928 0.226716
vt 0.779164 0.225444
vt 0.800909 0.263851
vt 0.779098 0.263851
vt 0.822812 0.263851
vt 0.822813 0.297663
vt 0.800905 0.297664
vt 0.779032 0.296791
vt 0.845302 0.263851
vt 0.867884 0.263851
vt 0.867924 0.296791
vt 0.845306 0.297662
vt 0.845209 0.330113
vt 0.822823 0.330124
vt 0.867699 0.330102
vt 0.867475 0.370121
vt 0.845097 0.370143
vt 0.822719 0.370165
vt 0.801085 0.330135
vt 0.779452 0.330146
vt 0.801295 0.370187
vt 0.779872 0.370209
vt 0.694362 0.263719
vt 0.668942 0.263719
vt 0.720002 0.263719
vt 0.720001 0.296451
vt 0.694321 0.296442
vt 0.668871 0.296853
vt 0.747028 0.263719
vt 0.774274 0.263719
vt 0.774330 0.296853
vt 0.747057 0.296452
vt 0.747091 0.335796
vt 0.719996 0.335793
vt 0.774401 0.335788
vt 0.774472 0.370158
vt 0.747127 0.370175
vt 0.719782 0.370191
vt 0.694245 0.335719
vt 0.668708 0.335634
vt 0.694164 0.370020
vt 0.668545 0.369849
vt 0.874092 0.143659
vt 0.895726 0.143927
vt 0.895651 0.159482
vt 0.873941 0.159348
vt 0.917360 0.144194
vt 0.917495 0.159548
vt 0.917486 0.178702
vt 0.895576 0.178695
vt 0.873790 0.176559
vt 0.940180 0.143343
vt 0.940180 0.159190
vt 0.963000 0.142492
vt 0.963000 0.158765
vt 0.963000 0.176559
vt 0.940180 0.178659
vt 0.940180 0.199131
vt 0.917477 0.199131
vt 0.963000 0.199131
vt 0.963000 0.229311
vt 0.940181 0.229547
vt 0.917471 0.229547
vt 0.895504 0.199131
vt 0.873647 0.199131
vt 0.895448 0.229547
vt 0.873504 0.229311
vt 0.895491 0.261442
vt 0.873613 0.261442
vt 0.917483 0.261442
vt 0.917495 0.297835
vt 0.895534 0.297835
vt 0.873721 0.297122
vt 0.940185 0.261442
vt 0.963000 0.261442
vt 0.963000 0.297122
vt 0.940192 0.297835
vt 0.940208 0.331596
vt 0.917484 0.331596
vt 0.963045 0.331596
vt 0.963090 0.369620
vt 0.940225 0.369620
vt 0.917360 0.369620
vt 0.895473 0.331596
vt 0.873574 0.331596
vt 0.895394 0.369620
vt 0.873428 0.369620
vt 0.558639 0.143235
vt 0.587455 0.143235
vt 0.586805 0.159381
vt 0.558639 0.159381
vt 0.616270 0.143235
vt 0.614489 0.159366
vt 0.613445 0.176185
vt 0.586211 0.176213
vt 0.558639 0.175526
vt 0.639810 0.143235
vt 0.639160 0.159262
vt 0.663350 0.143235
vt 0.663350 0.159143
vt 0.663350 0.175052
vt 0.638567 0.175986
vt 0.638329 0.197082
vt 0.613028 0.197316
vt 0.663350 0.196815
vt 0.663350 0.218578
vt 0.638146 0.221008
vt 0.612707 0.221261
vt 0.585973 0.197349
vt 0.558639 0.197349
vt 0.585791 0.221296
vt 0.558639 0.219171
vt 0.585598 0.258571
vt 0.558639 0.258571
vt 0.612369 0.258540
vt 0.611933 0.297514
vt 0.585350 0.297539
vt 0.558639 0.297971
vt 0.637954 0.258315
vt 0.663350 0.258060
vt 0.663350 0.297543
vt 0.637705 0.297333
vt 0.637110 0.333690
vt 0.610885 0.333784
vt 0.663350 0.333582
vt 0.663350 0.369622
vt 0.636460 0.369622
vt 0.609570 0.369622
vt 0.584755 0.333797
vt 0.558639 0.333797
vt 0.584105 0.369622
vt 0.558639 0.369622
vt 0.561589 0.386986
vt 0.584618 0.386279
vt 0.584562 0.411233
vt 0.561468 0.411841
vt 0.607647 0.385572
vt 0.607662 0.410712
vt 0.607624 0.435740
vt 0.584495 0.436195
vt 0.561346 0.436697
vt 0.630865 0.386009
vt 0.630797 0.410735
vt 0.654084 0.386445
vt 0.653938 0.410845
vt 0.653793 0.435245
vt 0.630720 0.435539
vt 0.630585 0.460828
vt 0.607398 0.460921
vt 0.653797 0.460764
vt 0.653801 0.486282
vt 0.630442 0.486194
vt 0.607083 0.486106
vt 0.584361 0.461197
vt 0.561348 0.461502
vt 0.584217 0.486206
vt 0.561351 0.486307
vn -0.6157 -0.4720 -0.6309
vn -0.8107 -0.5651 -0.1530
vn -0.9730 -0.1597 -0.1667
vn -0.7096 -0.1504 -0.6884
vn -0.7996 -0.6005 -0.0027
vn -0.9828 -0.1848 -0.0022
vn -1.0000 -0.0000 -0.0010
vn -0.9825 0.0130 -0.1856
vn -0.7161 0.0201 -0.6977
vn -0.8035 -0.5770 0.1466
vn -0.9718 -0.1704 0.1631
vn -0.6322 -0.5056 0.5872
vn -0.7187 -0.1908 0.6686
vn -0.7219 -0.0303 0.6913
vn -0.9828 -0.0008 0.1849
vn -0.9791 0.0789 0.1874
vn -0.9960 0.0889 -0.0002
vn -0.7125 0.0460 0.7002
vn -0.7159 0.0512 0.6963
vn -0.9792 0.0859 0.1838
vn -0.9951 0.0988 -0.0012
vn -0.9775 0.0969 -0.1873
vn -0.7089 0.1122 -0.6963
vn -0.9766 0.1094 -0.1854
vn -0.7070 0.1376 -0.6937
vn -0.0902 -0.9911 0.0976
vn -0.1280 -0.6241 0.7708
vn -0.0997 -0.9950 -0.0001
vn 0.0000 -1.0000 -0.0002
vn 0.0000 -0.9942 0.1072
vn -0.0000 -0.6512 0.7589
vn -0.0910 -0.9910 -0.0987
vn -0.1324 -0.5726 -0.8090
vn 0.0000 -0.6025 -0.7981
vn 0.0000 -0.9942 -0.1079
vn 0.0910 -0.9910 -0.0987
vn 0.0997 -0.9950 -0.0001
vn 0.1324 -0.5726 -0.8090
vn 0.6157 -0.4720 -0.6309
vn 0.8108 -0.5652 -0.1524
vn 0.7996 -0.6005 -0.0027
vn 0.0902 -0.9911 0.0976
vn 0.1280 -0.6241 0.7708
vn 0.8035 -0.5770 0.1466
vn 0.6322 -0.5056 0.5872
vn 0.1468 -0.1640 -0.9755
vn 0.7096 -0.1504 -0.6884
vn 0.0000 -0.1878 -0.9822
vn 0.0000 -0.0062 -1.0000
vn 0.1694 0.0052 -0.9855
vn 0.7161 0.0201 -0.6977
vn -0.1468 -0.1640 -0.9755
vn -0.1694 0.0052 -0.9855
vn -0.1753 0.0930 -0.9801
vn 0.0000 0.0886 -0.9961
vn -0.1780 0.1258 -0.9759
vn -0.0000 0.1228 -0.9924
vn 0.1753 0.0930 -0.9801
vn 0.7089 0.1122 -0.6963
vn 0.1780 0.1258 -0.9759
vn 0.7070 0.1376 -0.6937
vn 0.1810 0.1505 -0.9719
vn 0.7182 0.1553 -0.6783
vn 0.0000 0.1483 -0.9889
vn 0.0000 0.1785 -0.9839
vn 0.1790 0.1782 -0.9676
vn 0.7209 0.1793 -0.6694
vn -0.1810 0.1505 -0.9719
vn -0.7182 0.1553 -0.6783
vn -0.7209 0.1793 -0.6694
vn -0.1790 0.1782 -0.9676
vn -0.1619 0.2339 -0.9587
vn -0.0000 0.2404 -0.9707
vn -0.7190 0.2328 -0.6549
vn -0.6853 0.4146 -0.5988
vn -0.1893 0.5236 -0.8307
vn 0.0000 0.5314 -0.8471
vn 0.1619 0.2338 -0.9587
vn 0.7190 0.2328 -0.6549
vn 0.1893 0.5236 -0.8307
vn 0.6853 0.4146 -0.5988
vn -0.9771 0.1148 -0.1794
vn -0.9948 0.1017 0.0006
vn -0.9920 0.1263 0.0017
vn -0.9758 0.1371 -0.1702
vn -0.9797 0.0874 0.1804
vn -0.7179 0.0504 0.6944
vn -0.7179 0.0746 0.6922
vn -0.9788 0.1108 0.1723
vn -0.9748 0.1637 0.1517
vn -0.9831 0.1829 0.0023
vn -0.7113 0.1304 0.6907
vn -0.6450 0.3299 0.6893
vn -0.8781 0.4439 0.1788
vn -0.8865 0.4626 0.0064
vn -0.9713 0.1865 -0.1474
vn -0.8686 0.4667 -0.1663
vn -0.1461 -0.2283 0.9626
vn 0.0000 -0.2521 0.9677
vn 0.0000 -0.0836 0.9965
vn -0.1700 -0.0720 0.9828
vn 0.1461 -0.2283 0.9626
vn 0.7187 -0.1908 0.6686
vn 0.7219 -0.0303 0.6913
vn 0.1700 -0.0721 0.9828
vn 0.1761 -0.0020 0.9844
vn 0.0000 -0.0080 1.0000
vn 0.7125 0.0460 0.7002
vn 0.7159 0.0512 0.6963
vn 0.1806 0.0011 0.9836
vn 0.0000 -0.0039 1.0000
vn -0.1761 -0.0020 0.9844
vn -0.1806 0.0011 0.9836
vn -0.1837 0.0002 0.9830
vn -0.0000 -0.0044 1.0000
vn 0.0000 0.0231 0.9997
vn -0.1821 0.0250 0.9830
vn 0.1837 0.0002 0.9830
vn 0.7179 0.0504 0.6944
vn 0.7179 0.0746 0.6922
vn 0.1819 0.0252 0.9830
vn 0.1649 0.0820 0.9829
vn -0.0000 0.0872 0.9962
vn 0.7113 0.1304 0.6907
vn 0.6450 0.3299 0.6893
vn 0.1955 0.3929 0.8986
vn -0.0000 0.3993 0.9168
vn -0.1649 0.0821 0.9829
vn -0.1955 0.3929 0.8985
vn 0.9718 -0.1704 0.1631
vn 0.9828 -0.1848 -0.0022
vn 1.0000 0.0000 -0.0011
vn 0.9828 -0.0008 0.1849
vn 0.9730 -0.1597 -0.1667
vn 0.9825 0.0130 -0.1856
vn 0.9775 0.0969 -0.1873
vn 0.9960 0.0889 -0.0002
vn 0.9766 0.1094 -0.1854
vn 0.9951 0.0988 -0.0012
vn 0.9791 0.0789 0.1874
vn 0.9791 0.0859 0.1842
vn 0.9797 0.0874 0.1804
vn 0.9948 0.1017 0.0006
vn 0.9920 0.1263 0.0017
vn 0.9788 0.1108 0.1723
vn 0.9770 0.1148 -0.1795
vn 0.9758 0.1371 -0.1702
vn 0.9713 0.1866 -0.1474
vn 0.9831 0.1829 0.0023
vn 0.8686 0.4667 -0.1663
vn 0.8865 0.4626 0.0064
vn 0.9748 0.1637 0.1517
vn 0.8781 0.4439 0.1788
vn 0.2809 0.9230 0.2631
vn 0.3127 0.9498 0.0025
vn 0.0000 1.0000 0.0036
vn -0.0000 0.9535 0.3013
vn 0.2721 0.9293 -0.2497
vn -0.0000 0.9590 -0.2835
vn -0.2721 0.9293 -0.2497
vn -0.3127 0.9498 0.0025
vn -0.2809 0.9230 0.2631
usemtl Material.006
s 1
f 163/231/163 164/232/164 165/233/165 166/234/166
f 164/232/164 167/235/167 168/236/168 165/233/165
f 165/233/165 168/236/168 169/237/169 170/238/170
f 166/234/166 165/233/165 170/238/170 171/239/171
f 167/235/167 172/240/172 173/241/173 168/236/168
f 172/240/172 174/242/174 175/243/175 173/241/173
f 173/241/173 175/243/175 176/244/176 177/245/177
f 168/236/168 173/241/173 177/245/177 169/237/169
f 169/237/169 177/245/177 178/246/178 179/247/179
f 177/245/177 176/244/176 180/248/180 178/246/178
f 178/246/178 180/248/180 181/249/181 182/250/182
f 179/247/179 178/246/178 182/250/182 183/251/183
f 171/239/171 170/238/170 184/252/184 185/253/185
f 170/238/170 169/237/169 179/247/179 184/252/184
f 184/252/184 179/247/179 183/251/183 186/254/186
f 185/253/185 184/252/184 186/254/186 187/255/187
f 174/256/174 172/257/172 188/258/188 189/259/189
f 172/257/172 167/260/167 190/261/190 188/258/188
f 188/258/188 190/261/190 191/262/191 192/263/192
f 189/259/189 188/258/188 192/263/192 193/264/193
f 167/260/167 164/265/164 194/266/194 190/261/190
f 164/265/164 163/267/163 195/268/195 194/266/194
f 194/266/194 195/268/195 196/269/196 197/270/197
f 190/261/190 194/266/194 197/270/197 191/262/191
f 191/262/191 197/270/197 198/271/198 199/272/199
f 197/270/197 196/269/196 200/273/200 198/271/198
f 198/271/198 200/273/200 201/274/201 202/275/202
f 199/272/199 198/271/198 202/275/202 203/276/203
f 193/264/193 192/263/192 204/277/204 205/278/205
f 192/263/192 191/262/191 199/272/199 204/277/204
f 204/277/204 199/272/199 203/276/203 206/279/206
f 205/278/205 204/277/204 206/279/206 207/280/207
f 201/281/201 200/282/200 208/283/208 209/284/209
f 200/282/200 196/285/196 210/286/210 208/283/208
f 208/283/208 210/286/210 211/287/211 212/288/212
f 209/284/209 208/283/208 212/288/212 213/289/213
f 196/285/196 195/290/195 214/291/214 210/286/210
f 195/290/195 163/292/163 166/293/166 214/291/214
f 214/291/214 166/293/166 171/294/171 215/295/215
f 210/286/210 214/291/214 215/295/215 211/287/211
f 211/287/211 215/295/215 216/296/216 217/297/217
f 215/295/215 171/294/171 185/298/185 216/296/216
f 216/296/216 185/298/185 187/299/187 218/300/218
f 217/297/217 216/296/216 218/300/218 219/301/219
f 213/289/213 212/288/212 220/302/220 221/303/221
f 212/288/212 211/287/211 217/297/217 220/302/220
f 220/302/220 217/297/217 219/301/219 222/304/222
f 221/303/221 220/302/220 222/304/222 223/305/223
f 223/305/223 222/304/222 224/306/224 225/307/225
f 222/304/222 219/301/219 226/308/226 224/306/224
f 224/306/224 226/308/226 227/309/227 228/310/228
f 225/307/225 224/306/224 228/310/228 229/311/229
f 219/301/219 218/300/218 230/312/230 226/308/226
f 218/300/218 187/299/187 231/313/231 230/312/230
f 230/312/230 231/313/231 232/314/232 233/315/233
f 226/308/226 230/312/230 233/315/233 227/309/227
f 227/309/227 233/315/233 234/316/234 235/317/235
f 233/315/233 232/314/232 236/318/236 234/316/234
f 234/316/234 236/318/236 237/319/237 238/320/238
f 235/317/235 234/316/234 238/320/238 239/321/239
f 229/311/229 228/310/228 240/322/240 241/323/241
f 228/310/228 227/309/227 235/317/235 240/322/240
f 240/322/240 235/317/235 239/321/239 242/324/242
f 241/323/241 240/322/240 242/324/242 243/325/243
f 187/255/187 186/254/186 244/326/244 231/327/231
f 186/254/186 183/251/183 245/328/245 244/326/244
f 244/326/244 245/328/245 246/329/246 247/330/247
f 231/327/231 244/326/244 247/330/247 232/331/232
f 183/251/183 182/250/182 248/332/248 245/328/245
f 182/250/182 181/249/181 249/333/249 248/332/248
f 248/332/248 249/333/249 250/334/250 251/335/251
f 245/328/245 248/332/248 251/335/251 246/329/246
f 246/329/246 251/335/251 252/336/252 253/337/253
f 251/335/251 250/334/250 254/338/254 252/336/252
f 252/336/252 254/338/254 255/339/255 256/340/256
f 253/337/253 252/336/252 256/340/256 257/341/257
f 232/331/232 247/330/247 258/342/258 236/343/236
f 247/330/247 246/329/246 253/337/253 258/342/258
f 258/342/258 253/337/253 257/341/257 259/344/259
f 236/343/236 258/342/258 259/344/259 237/345/237
f 174/346/174 189/347/189 260/348/260 175/349/175
f 189/347/189 193/350/193 261/351/261 260/348/260
f 260/348/260 261/351/261 262/352/262 263/353/263
f 175/349/175 260/348/260 263/353/263 176/354/176
f 193/350/193 205/355/205 264/356/264 261/351/261
f 205/355/205 207/357/207 265/358/265 264/356/264
f 264/356/264 265/358/265 266/359/266 267/360/267
f 261/351/261 264/356/264 267/360/267 262/352/262
f 262/352/262 267/360/267 268/361/268 269/362/269
f 267/360/267 266/359/266 270/363/270 268/361/268
f 268/361/268 270/363/270 271/364/271 272/365/272
f 269/362/269 268/361/268 272/365/272 273/366/273
f 176/354/176 263/353/263 274/367/274 180/368/180
f 263/353/263 262/352/262 269/362/269 274/367/274
f 274/367/274 269/362/269 273/366/273 275/369/275
f 180/368/180 274/367/274 275/369/275 181/370/181
f 181/370/181 275/369/275 276/371/276 249/372/249
f 275/369/275 273/366/273 277/373/277 276/371/276
f 276/371/276 277/373/277 278/374/278 279/375/279
f 249/372/249 276/371/276 279/375/279 250/376/250
f 273/366/273 272/365/272 280/377/280 277/373/277
f 272/365/272 271/364/271 281/378/281 280/377/280
f 280/377/280 281/378/281 282/379/282 283/380/283
f 277/373/277 280/377/280 283/380/283 278/374/278
f 278/374/278 283/380/283 284/381/284 285/382/285
f 283/380/283 282/379/282 286/383/286 284/381/284
f 284/381/284 286/383/286 287/384/287 288/385/288
f 285/382/285 284/381/284 288/385/288 289/386/289
f 250/376/250 279/375/279 290/387/290 254/388/254
f 279/375/279 278/374/278 285/382/285 290/387/290
f 290/387/290 285/382/285 289/386/289 291/389/291
f 254/388/254 290/387/290 291/389/291 255/390/255
f 207/391/207 206/392/206 292/393/292 265/394/265
f 206/392/206 203/395/203 293/396/293 292/393/292
f 292/393/292 293/396/293 294/397/294 295/398/295
f 265/394/265 292/393/292 295/398/295 266/399/266
f 203/395/203 202/400/202 296/401/296 293/396/293
f 202/400/202 201/402/201 209/403/209 296/401/296
f 296/401/296 209/403/209 213/404/213 297/405/297
f 293/396/293 296/401/296 297/405/297 294/397/294
f 294/397/294 297/405/297 298/406/298 299/407/299
f 297/405/297 213/404/213 221/408/221 298/406/298
f 298/406/298 221/408/221 223/409/223 300/410/300
f 299/407/299 298/406/298 300/410/300 301/411/301
f 266/399/266 295/398/295 302/412/302 270/413/270
f 295/398/295 294/397/294 299/407/299 302/412/302
f 302/412/302 299/407/299 301/411/301 303/414/303
f 270/413/270 302/412/302 303/414/303 271/415/271
f 271/415/271 303/414/303 304/416/304 281/417/281
f 303/414/303 301/411/301 305/418/305 304/416/304
f 304/416/304 305/418/305 306/419/306 307/420/307
f 281/417/281 304/416/304 307/420/307 282/421/282
f 301/411/301 300/410/300 308/422/308 305/418/305
f 300/410/300 223/409/223 225/423/225 308/422/308
f 308/422/308 225/423/225 229/424/229 309/425/309
f 305/418/305 308/422/308 309/425/309 306/419/306
f 306/419/306 309/425/309 310/426/310 311/427/311
f 309/425/309 229/424/229 241/428/241 310/426/310
f 310/426/310 241/428/241 243/429/243 312/430/312
f 311/427/311 310/426/310 312/430/312 313/431/313
f 282/421/282 307/420/307 314/432/314 286/433/286
f 307/420/307 306/419/306 311/427/311 314/432/314
f 314/432/314 311/427/311 313/431/313 315/434/315
f 286/433/286 314/432/314 315/434/315 287/435/287
f 287/436/287 315/437/315 316/438/316 288/439/288
f 315/437/315 313/440/313 317/441/317 316/438/316
f 316/438/316 317/441/317 318/442/318 319/443/319
f 288/439/288 316/438/316 319/443/319 289/444/289
f 313/440/313 312/445/312 320/446/320 317/441/317
f 312/445/312 243/447/243 242/448/242 320/446/320
f 320/446/320 242/448/242 239/449/239 321/450/321
f 317/441/317 320/446/320 321/450/321 318/442/318
f 318/442/318 321/450/321 322/451/322 323/452/323
f 321/450/321 239/449/239 238/453/238 322/451/322
f 322/451/322 238/453/238 237/454/237 259/455/259
f 323/452/323 322/451/322 259/455/259 257/456/257
f 289/444/289 319/443/319 324/457/324 291/458/291
f 319/443/319 318/442/318 323/452/323 324/457/324
f 324/457/324 323/452/323 257/456/257 256/459/256
f 291/458/291 324/457/324 256/459/256 255/460/255
o left_arm
v -0.795810 -2.012645 2.833920
v -0.829354 -1.815204 2.866759
v -0.923846 -1.821818 2.501388
v -0.848638 -2.040368 2.502089
v -0.959645 -1.828430 2.091781
v -0.873752 -2.053594 2.100096
v -0.940610 -1.566401 2.499815
v -0.985423 -1.567170 2.081679
v -0.835439 -1.565631 2.874175
v -0.923846 -1.821818 1.681686
v -0.848638 -2.040368 1.697127
v -0.829354 -1.815204 1.315825
v -0.795810 -2.012644 1.363250
v -0.940610 -1.566399 1.663487
v -0.835439 -1.565630 1.289071
v -0.958692 -1.245670 2.066506
v -0.914128 -1.245670 1.653430
v -0.810759 -1.245669 1.283427
v -0.877542 -0.882283 1.642118
v -0.778353 -0.882283 1.279900
v -0.920307 -0.882283 2.046486
v -0.810759 -1.245672 2.849585
v -0.914128 -1.245671 2.479582
v -0.877542 -0.882283 2.450855
v -0.778353 -0.882283 2.813073
v -0.435982 -2.040368 1.316641
v -0.450095 -2.092988 1.687119
v -0.462783 -2.112829 2.102283
v 0.000000 -2.112829 1.676455
v 0.000000 -2.137745 2.103204
v 0.000000 -2.053595 1.294438
v -0.450095 -2.092988 2.515984
v -0.435982 -2.040368 2.882576
v 0.000000 -2.112829 2.528114
v 0.000000 -2.053594 2.905756
v 0.462783 -2.112829 2.102283
v 0.450095 -2.092988 2.515984
v 0.435982 -2.040368 2.882576
v 0.848639 -2.040368 2.502089
v 0.795810 -2.012645 2.833920
v 0.873753 -2.053594 2.100096
v 0.435982 -2.040368 1.316641
v 0.450095 -2.092988 1.687119
v 0.848639 -2.040368 1.697127
v 0.795810 -2.012644 1.363250
v 0.829354 -1.815204 2.866759
v 0.438317 -1.821818 2.955168
v 0.000000 -1.828431 2.988720
v 0.440790 -1.566401 2.973973
v 0.000000 -1.567170 3.016509
v 0.835439 -1.565631 2.874175
v -0.438317 -1.821818 2.955168
v -0.440790 -1.566401 2.973973
v 0.000000 -1.245672 2.992463
v -0.427678 -1.245672 2.949423
v -0.410575 -0.882283 2.910763
v 0.000000 -0.882283 2.952881
v 0.810759 -1.245672 2.849585
v 0.427678 -1.245672 2.949423
v 0.410575 -0.882283 2.910763
v 0.778353 -0.882283 2.813073
v 0.728016 -0.316647 2.733580
v 0.384030 -0.316647 2.826960
v 0.000000 -0.316647 2.867216
v 0.355163 0.274678 2.732594
v 0.000000 0.276386 2.769613
v 0.673130 0.272970 2.645479
v -0.384030 -0.316647 2.826960
v -0.728016 -0.316647 2.733582
v -0.355163 0.274678 2.732594
v -0.673128 0.272970 2.645479
v 0.000000 0.839548 2.642770
v -0.321164 0.824872 2.617115
v -0.607543 0.810199 2.546293
v -0.291636 1.309811 2.473392
v -0.535949 1.248299 2.445451
v 0.000000 1.339159 2.486865
v 0.607543 0.810199 2.546293
v 0.321164 0.824872 2.617115
v 0.291636 1.309811 2.473392
v 0.535949 1.248299 2.445451
v -0.820832 -0.316647 2.387506
v -0.860844 -0.316647 2.001145
v -0.757861 0.274678 2.317878
v -0.793943 0.276386 1.951975
v -0.820832 -0.316647 1.614782
v -0.728016 -0.316647 1.268708
v -0.757861 0.274678 1.586364
v -0.673128 0.272971 1.259054
v -0.701094 0.839548 1.904074
v -0.675751 0.824873 1.567179
v -0.607543 0.810199 1.266871
v -0.565188 1.309811 1.549768
v -0.535949 1.248299 1.292868
v -0.579339 1.339159 1.861398
v -0.675751 0.824872 2.243476
v -0.565188 1.309811 2.178043
v -0.438317 -1.821818 1.227908
v 0.000000 -1.828429 1.194844
v -0.440790 -1.566399 1.189329
v 0.000000 -1.567168 1.146848
v 0.438317 -1.821818 1.227908
v 0.829354 -1.815204 1.315827
v 0.440790 -1.566399 1.189329
v 0.835439 -1.565630 1.289071
v 0.000000 -1.245669 1.140548
v 0.427678 -1.245669 1.183590
v 0.810759 -1.245669 1.283427
v 0.410575 -0.882283 1.182209
v 0.778353 -0.882283 1.279900
v 0.000000 -0.882283 1.140091
v -0.427678 -1.245669 1.183590
v -0.410575 -0.882283 1.182209
v -0.384030 -0.316646 1.175328
v 0.000000 -0.316646 1.135073
v -0.355163 0.274678 1.171648
v 0.000000 0.276386 1.134337
v 0.384030 -0.316646 1.175328
v 0.728016 -0.316647 1.268707
v 0.355163 0.274678 1.171648
v 0.673128 0.272971 1.259054
v 0.000000 0.839548 1.165378
v 0.321164 0.824873 1.193542
v 0.607543 0.810199 1.266871
v 0.291636 1.309811 1.254419
v 0.535949 1.248299 1.292867
v 0.000000 1.339160 1.235931
v -0.321164 0.824873 1.193542
v -0.291636 1.309811 1.254419
v 0.923846 -1.821818 1.681686
v 0.959645 -1.828430 2.091781
v 0.940610 -1.566399 1.663487
v 0.985423 -1.567170 2.081679
v 0.923846 -1.821818 2.501388
v 0.940610 -1.566401 2.499815
v 0.958692 -1.245671 2.066506
v 0.914128 -1.245671 2.479582
v 0.877542 -0.882283 2.450853
v 0.920307 -0.882283 2.046486
v 0.914128 -1.245670 1.653430
v 0.877542 -0.882283 1.642118
v 0.820832 -0.316647 1.614782
v 0.860844 -0.316647 2.001143
v 0.757861 0.274678 1.586364
v 0.793943 0.276386 1.951975
v 0.820832 -0.316647 2.387506
v 0.757861 0.274678 2.317878
v 0.701094 0.839548 1.904074
v 0.675751 0.824872 2.243476
v 0.565188 1.309811 2.178043
v 0.579339 1.339159 1.861398
v 0.675751 0.824873 1.567179
v 0.565188 1.309811 1.549768
v 0.295295 1.426573 1.534242
v 0.302081 1.470597 1.850170
v 0.000000 1.470597 1.522698
v 0.000000 1.525880 1.845448
v 0.295295 1.426572 2.173620
v 0.000000 1.470597 2.177643
v -0.302081 1.470597 1.850170
v -0.295295 1.426572 2.173620
v -0.295295 1.426572 1.534242
vt 0.374203 0.143058
vt 0.374041 0.159204
vt 0.348748 0.159317
vt 0.348829 0.143283
vt 0.323200 0.159415
vt 0.323455 0.143508
vt 0.348687 0.176475
vt 0.323200 0.176487
vt 0.373879 0.175351
vt 0.296056 0.159424
vt 0.296000 0.143497
vt 0.268658 0.159419
vt 0.268546 0.143487
vt 0.296113 0.176488
vt 0.268770 0.175351
vt 0.323215 0.200686
vt 0.296174 0.200686
vt 0.268894 0.200686
vt 0.296226 0.227515
vt 0.269018 0.226020
vt 0.323231 0.227515
vt 0.374051 0.200686
vt 0.348753 0.200686
vt 0.348833 0.227515
vt 0.374224 0.226020
vt 0.479955 0.037428
vt 0.479932 0.060811
vt 0.457857 0.060409
vt 0.457689 0.037041
vt 0.435528 0.060037
vt 0.435423 0.036653
vt 0.458043 0.084117
vt 0.435859 0.083717
vt 0.479908 0.084195
vt 0.411610 0.059856
vt 0.411568 0.036822
vt 0.387438 0.059706
vt 0.387713 0.036992
vt 0.411686 0.083320
vt 0.387163 0.082420
vt 0.436413 0.109668
vt 0.411981 0.109482
vt 0.387150 0.109311
vt 0.412310 0.136074
vt 0.387137 0.136202
vt 0.437483 0.135945
vt 0.479885 0.110261
vt 0.458348 0.109957
vt 0.458672 0.136136
vt 0.479862 0.136327
vt 0.264559 0.143805
vt 0.264468 0.159217
vt 0.242493 0.159329
vt 0.242538 0.143909
vt 0.220450 0.159430
vt 0.220518 0.144012
vt 0.242444 0.175783
vt 0.220439 0.175894
vt 0.264377 0.175136
vt 0.197986 0.159460
vt 0.198041 0.143929
vt 0.175455 0.159479
vt 0.175565 0.143845
vt 0.197939 0.175997
vt 0.175344 0.175620
vt 0.220430 0.200158
vt 0.197943 0.200218
vt 0.175368 0.200279
vt 0.197951 0.226731
vt 0.175392 0.225444
vt 0.220424 0.226724
vt 0.264225 0.200037
vt 0.242371 0.200097
vt 0.242308 0.226716
vt 0.264073 0.225444
vt 0.264138 0.263851
vt 0.242328 0.263851
vt 0.220424 0.263851
vt 0.242332 0.297664
vt 0.220424 0.297663
vt 0.264204 0.296791
vt 0.197935 0.263851
vt 0.175352 0.263851
vt 0.197931 0.297662
vt 0.175312 0.296791
vt 0.220414 0.330124
vt 0.198027 0.330113
vt 0.175537 0.330102
vt 0.198140 0.370143
vt 0.175762 0.370121
vt 0.220518 0.370165
vt 0.263784 0.330146
vt 0.242151 0.330135
vt 0.241941 0.370187
vt 0.263364 0.370209
vt 0.374294 0.263719
vt 0.348875 0.263719
vt 0.323234 0.263719
vt 0.348916 0.296442
vt 0.323236 0.296451
vt 0.374365 0.296853
vt 0.296208 0.263719
vt 0.268962 0.263719
vt 0.296180 0.296452
vt 0.268906 0.296853
vt 0.323241 0.335793
vt 0.296145 0.335796
vt 0.268835 0.335788
vt 0.296110 0.370175
vt 0.268765 0.370158
vt 0.323455 0.370191
vt 0.374528 0.335634
vt 0.348992 0.335719
vt 0.349073 0.370020
vt 0.374691 0.369849
vt 0.169144 0.143659
vt 0.169295 0.159348
vt 0.147586 0.159482
vt 0.147510 0.143927
vt 0.125742 0.159548
vt 0.125876 0.144194
vt 0.147661 0.178695
vt 0.125751 0.178702
vt 0.169446 0.176559
vt 0.103056 0.159190
vt 0.103056 0.143343
vt 0.080237 0.158765
vt 0.080237 0.142492
vt 0.103056 0.178659
vt 0.080237 0.176559
vt 0.125760 0.199131
vt 0.103056 0.199131
vt 0.080237 0.199131
vt 0.103056 0.229547
vt 0.080237 0.229311
vt 0.125765 0.229547
vt 0.169589 0.199131
vt 0.147733 0.199131
vt 0.147789 0.229547
vt 0.169733 0.229311
vt 0.169624 0.261442
vt 0.147745 0.261442
vt 0.125753 0.261442
vt 0.147702 0.297835
vt 0.125742 0.297835
vt 0.169515 0.297122
vt 0.103052 0.261442
vt 0.080237 0.261442
vt 0.103045 0.297835
vt 0.080237 0.297122
vt 0.125753 0.331596
vt 0.103029 0.331596
vt 0.080192 0.331596
vt 0.103011 0.369620
vt 0.080146 0.369620
vt 0.125876 0.369620
vt 0.169662 0.331596
vt 0.147764 0.331596
vt 0.147843 0.369620
vt 0.169809 0.369620
vt 0.484597 0.143235
vt 0.484597 0.159381
vt 0.456432 0.159381
vt 0.455782 0.143235
vt 0.428747 0.159366
vt 0.426967 0.143235
vt 0.457025 0.176213
vt 0.429792 0.176185
vt 0.484598 0.175526
vt 0.404077 0.159262
vt 0.403426 0.143235
vt 0.379886 0.159143
vt 0.379886 0.143235
vt 0.404670 0.175986
vt 0.379886 0.175052
vt 0.430209 0.197316
vt 0.404908 0.197082
vt 0.379886 0.196815
vt 0.405090 0.221008
vt 0.379886 0.218578
vt 0.430530 0.221261
vt 0.484597 0.197349
vt 0.457263 0.197349
vt 0.457446 0.221296
vt 0.484598 0.219171
vt 0.484597 0.258571
vt 0.457638 0.258571
vt 0.430868 0.258540
vt 0.457887 0.297539
vt 0.431304 0.297514
vt 0.484598 0.297971
vt 0.405282 0.258315
vt 0.379886 0.258060
vt 0.405531 0.297333
vt 0.379886 0.297543
vt 0.432351 0.333784
vt 0.406126 0.333690
vt 0.379886 0.333582
vt 0.406776 0.369622
vt 0.379886 0.369622
vt 0.433666 0.369622
vt 0.484597 0.333797
vt 0.458482 0.333797
vt 0.459132 0.369622
vt 0.484597 0.369622
vt 0.480450 0.386666
vt 0.480571 0.411522
vt 0.457477 0.410914
vt 0.457420 0.385959
vt 0.434377 0.410393
vt 0.434391 0.385253
vt 0.457544 0.435875
vt 0.434414 0.435420
vt 0.480692 0.436377
vt 0.411241 0.410416
vt 0.411173 0.385689
vt 0.388100 0.410526
vt 0.387955 0.386126
vt 0.411319 0.435220
vt 0.388246 0.434926
vt 0.434640 0.460602
vt 0.411453 0.460508
vt 0.388241 0.460444
vt 0.411596 0.485874
vt 0.388237 0.485962
vt 0.434955 0.485786
vt 0.480690 0.461182
vt 0.457677 0.460878
vt 0.457822 0.485887
vt 0.480688 0.485987
vn -0.6083 -0.4914 0.6233
vn -0.7087 -0.1582 0.6875
vn -0.9716 -0.1680 0.1665
vn -0.7968 -0.5853 0.1498
vn -0.9809 -0.1944 0.0022
vn -0.7841 -0.6206 0.0027
vn -0.9825 0.0135 0.1857
vn -1.0000 -0.0000 0.0010
vn -0.7161 0.0211 0.6977
vn -0.9702 -0.1793 -0.1629
vn -0.7891 -0.5971 -0.1439
vn -0.7173 -0.2007 -0.6673
vn -0.6234 -0.5254 -0.5791
vn -0.9828 -0.0008 -0.1849
vn -0.7219 -0.0319 -0.6913
vn -0.9956 0.0936 0.0002
vn -0.9788 0.0831 -0.1873
vn -0.7124 0.0485 -0.7001
vn -0.9787 0.0904 -0.1842
vn -0.7158 0.0539 -0.6962
vn -0.9946 0.1040 0.0010
vn -0.7084 0.1182 0.6958
vn -0.9770 0.1020 0.1873
vn -0.9759 0.1152 0.1852
vn -0.7062 0.1449 0.6930
vn -0.1254 -0.6439 -0.7547
vn -0.0857 -0.9920 -0.0927
vn -0.0948 -0.9955 0.0001
vn 0.0000 -0.9948 -0.1015
vn 0.0000 -1.0000 0.0002
vn -0.0001 -0.6707 -0.7417
vn -0.0864 -0.9918 0.0938
vn -0.1300 -0.5928 0.7948
vn 0.0000 -0.9947 0.1029
vn -0.0000 -0.6225 0.7826
vn 0.0948 -0.9955 0.0001
vn 0.0862 -0.9919 0.0935
vn 0.1300 -0.5928 0.7948
vn 0.7968 -0.5853 0.1498
vn 0.6083 -0.4914 0.6233
vn 0.7841 -0.6206 0.0027
vn 0.1254 -0.6439 -0.7547
vn 0.0857 -0.9920 -0.0927
vn 0.7891 -0.5971 -0.1439
vn 0.6234 -0.5254 -0.5791
vn 0.7087 -0.1582 0.6875
vn 0.1466 -0.1725 0.9740
vn 0.0000 -0.1976 0.9803
vn 0.1694 0.0054 0.9855
vn 0.0000 -0.0065 1.0000
vn 0.7161 0.0211 0.6977
vn -0.1466 -0.1725 0.9740
vn -0.1694 0.0054 0.9855
vn 0.0000 0.0930 0.9957
vn -0.1752 0.0980 0.9797
vn -0.1779 0.1324 0.9751
vn -0.0000 0.1292 0.9916
vn 0.7084 0.1182 0.6958
vn 0.1752 0.0980 0.9797
vn 0.1779 0.1324 0.9751
vn 0.7062 0.1449 0.6930
vn 0.7172 0.1634 0.6774
vn 0.1808 0.1581 0.9707
vn 0.0000 0.1564 0.9877
vn 0.1789 0.1872 0.9659
vn 0.0000 0.1878 0.9822
vn 0.7197 0.1886 0.6682
vn -0.1808 0.1584 0.9707
vn -0.7173 0.1634 0.6774
vn -0.1789 0.1872 0.9659
vn -0.7197 0.1886 0.6682
vn 0.0000 0.2525 0.9676
vn -0.1614 0.2457 0.9558
vn -0.7168 0.2446 0.6530
vn -0.1865 0.5435 0.8184
vn -0.6789 0.4328 0.5932
vn 0.0000 0.5515 0.8342
vn 0.7168 0.2446 0.6530
vn 0.1614 0.2457 0.9558
vn 0.1865 0.5435 0.8184
vn 0.6789 0.4328 0.5932
vn -0.9764 0.1209 0.1792
vn -0.9942 0.1071 -0.0007
vn -0.9748 0.1444 0.1700
vn -0.9911 0.1330 -0.0017
vn -0.9793 0.0920 -0.1803
vn -0.7178 0.0531 -0.6943
vn -0.9781 0.1166 -0.1722
vn -0.7176 0.0785 -0.6920
vn -0.9813 0.1924 -0.0023
vn -0.9733 0.1723 -0.1515
vn -0.7107 0.1372 -0.6900
vn -0.8687 0.4627 -0.1769
vn -0.6411 0.3455 -0.6852
vn -0.8763 0.4818 -0.0063
vn -0.9695 0.1962 0.1472
vn -0.8584 0.4860 0.1644
vn -0.1457 -0.2398 -0.9598
vn 0.0000 -0.2648 -0.9643
vn -0.1700 -0.0759 -0.9825
vn -0.0000 -0.0880 -0.9961
vn 0.1457 -0.2398 -0.9598
vn 0.7173 -0.2007 -0.6673
vn 0.1700 -0.0759 -0.9825
vn 0.7219 -0.0319 -0.6913
vn -0.0000 -0.0084 -1.0000
vn 0.1765 -0.0022 -0.9843
vn 0.7124 0.0485 -0.7001
vn 0.1801 0.0012 -0.9837
vn 0.7158 0.0539 -0.6962
vn 0.0000 -0.0041 -1.0000
vn -0.1765 -0.0022 -0.9843
vn -0.1801 0.0012 -0.9837
vn -0.1832 0.0002 -0.9831
vn 0.0000 -0.0046 -1.0000
vn -0.1819 0.0266 -0.9830
vn 0.0000 0.0247 -0.9997
vn 0.1832 0.0002 -0.9831
vn 0.7178 0.0531 -0.6943
vn 0.1820 0.0265 -0.9829
vn 0.7176 0.0785 -0.6920
vn 0.0000 0.0919 -0.9958
vn 0.1648 0.0864 -0.9825
vn 0.7107 0.1372 -0.6900
vn 0.1939 0.4106 -0.8910
vn 0.6411 0.3455 -0.6852
vn 0.0000 0.4171 -0.9088
vn -0.1648 0.0864 -0.9825
vn -0.1939 0.4106 -0.8910
vn 0.9702 -0.1793 -0.1629
vn 0.9809 -0.1944 0.0022
vn 0.9828 -0.0008 -0.1849
vn 1.0000 0.0000 0.0011
vn 0.9716 -0.1680 0.1665
vn 0.9825 0.0135 0.1857
vn 0.9956 0.0936 0.0002
vn 0.9770 0.1020 0.1873
vn 0.9759 0.1152 0.1853
vn 0.9946 0.1040 0.0010
vn 0.9788 0.0831 -0.1873
vn 0.9787 0.0904 -0.1842
vn 0.9793 0.0920 -0.1803
vn 0.9942 0.1071 -0.0007
vn 0.9781 0.1166 -0.1721
vn 0.9911 0.1330 -0.0017
vn 0.9764 0.1209 0.1792
vn 0.9748 0.1443 0.1700
vn 0.9813 0.1924 -0.0023
vn 0.9695 0.1961 0.1472
vn 0.8584 0.4860 0.1644
vn 0.8763 0.4818 -0.0063
vn 0.9733 0.1723 -0.1515
vn 0.8687 0.4627 -0.1769
vn 0.2685 0.9299 -0.2515
vn 0.2982 0.9545 -0.0024
vn -0.0000 0.9579 -0.2872
vn -0.0000 1.0000 -0.0034
vn 0.2600 0.9357 0.2386
vn 0.0000 0.9628 0.2702
vn -0.2982 0.9545 -0.0024
vn -0.2600 0.9357 0.2386
vn -0.2685 0.9299 -0.2515
usemtl Material
s 1
f 325/461/325 326/462/326 327/463/327 328/464/328
f 328/464/328 327/463/327 329/465/329 330/466/330
f 327/463/327 331/467/331 332/468/332 329/465/329
f 326/462/326 333/469/333 331/467/331 327/463/327
f 330/466/330 329/465/329 334/470/334 335/471/335
f 335/471/335 334/470/334 336/472/336 337/473/337
f 334/470/334 338/474/338 339/475/339 336/472/336
f 329/465/329 332/468/332 338/474/338 334/470/334
f 332/468/332 340/476/340 341/477/341 338/474/338
f 338/474/338 341/477/341 342/478/342 339/475/339
f 341/477/341 343/479/343 344/480/344 342/478/342
f 340/476/340 345/481/345 343/479/343 341/477/341
f 333/469/333 346/482/346 347/483/347 331/467/331
f 331/467/331 347/483/347 340/476/340 332/468/332
f 347/483/347 348/484/348 345/481/345 340/476/340
f 346/482/346 349/485/349 348/484/348 347/483/347
f 337/486/337 350/487/350 351/488/351 335/489/335
f 335/489/335 351/488/351 352/490/352 330/491/330
f 351/488/351 353/492/353 354/493/354 352/490/352
f 350/487/350 355/494/355 353/492/353 351/488/351
f 330/491/330 352/490/352 356/495/356 328/496/328
f 328/496/328 356/495/356 357/497/357 325/498/325
f 356/495/356 358/499/358 359/500/359 357/497/357
f 352/490/352 354/493/354 358/499/358 356/495/356
f 354/493/354 360/501/360 361/502/361 358/499/358
f 358/499/358 361/502/361 362/503/362 359/500/359
f 361/502/361 363/504/363 364/505/364 362/503/362
f 360/501/360 365/506/365 363/504/363 361/502/361
f 355/494/355 366/507/366 367/508/367 353/492/353
f 353/492/353 367/508/367 360/501/360 354/493/354
f 367/508/367 368/509/368 365/506/365 360/501/360
f 366/507/366 369/510/369 368/509/368 367/508/367
f 364/511/364 370/512/370 371/513/371 362/514/362
f 362/514/362 371/513/371 372/515/372 359/516/359
f 371/513/371 373/517/373 374/518/374 372/515/372
f 370/512/370 375/519/375 373/517/373 371/513/371
f 359/516/359 372/515/372 376/520/376 357/521/357
f 357/521/357 376/520/376 326/522/326 325/523/325
f 376/520/376 377/524/377 333/525/333 326/522/326
f 372/515/372 374/518/374 377/524/377 376/520/376
f 374/518/374 378/526/378 379/527/379 377/524/377
f 377/524/377 379/527/379 346/528/346 333/525/333
f 379/527/379 380/529/380 349/530/349 346/528/346
f 378/526/378 381/531/381 380/529/380 379/527/379
f 375/519/375 382/532/382 383/533/383 373/517/373
f 373/517/373 383/533/383 378/526/378 374/518/374
f 383/533/383 384/534/384 381/531/381 378/526/378
f 382/532/382 385/535/385 384/534/384 383/533/383
f 385/535/385 386/536/386 387/537/387 384/534/384
f 384/534/384 387/537/387 388/538/388 381/531/381
f 387/537/387 389/539/389 390/540/390 388/538/388
f 386/536/386 391/541/391 389/539/389 387/537/387
f 381/531/381 388/538/388 392/542/392 380/529/380
f 380/529/380 392/542/392 393/543/393 349/530/349
f 392/542/392 394/544/394 395/545/395 393/543/393
f 388/538/388 390/540/390 394/544/394 392/542/392
f 390/540/390 396/546/396 397/547/397 394/544/394
f 394/544/394 397/547/397 398/548/398 395/545/395
f 397/547/397 399/549/399 400/550/400 398/548/398
f 396/546/396 401/551/401 399/549/399 397/547/397
f 391/541/391 402/552/402 403/553/403 389/539/389
f 389/539/389 403/553/403 396/546/396 390/540/390
f 403/553/403 404/554/404 401/551/401 396/546/396
f 402/552/402 405/555/405 404/554/404 403/553/403
f 349/485/349 393/556/393 406/557/406 348/484/348
f 348/484/348 406/557/406 407/558/407 345/481/345
f 406/557/406 408/559/408 409/560/409 407/558/407
f 393/556/393 395/561/395 408/559/408 406/557/406
f 345/481/345 407/558/407 410/562/410 343/479/343
f 343/479/343 410/562/410 411/563/411 344/480/344
f 410/562/410 412/564/412 413/565/413 411/563/411
f 407/558/407 409/560/409 412/564/412 410/562/410
f 409/560/409 414/566/414 415/567/415 412/564/412
f 412/564/412 415/567/415 416/568/416 413/565/413
f 415/567/415 417/569/417 418/570/418 416/568/416
f 414/566/414 419/571/419 417/569/417 415/567/415
f 395/561/395 398/572/398 420/573/420 408/559/408
f 408/559/408 420/573/420 414/566/414 409/560/409
f 420/573/420 421/574/421 419/571/419 414/566/414
f 398/572/398 400/575/400 421/574/421 420/573/420
f 337/576/337 336/577/336 422/578/422 350/579/350
f 350/579/350 422/578/422 423/580/423 355/581/355
f 422/578/422 424/582/424 425/583/425 423/580/423
f 336/577/336 339/584/339 424/582/424 422/578/422
f 355/581/355 423/580/423 426/585/426 366/586/366
f 366/586/366 426/585/426 427/587/427 369/588/369
f 426/585/426 428/589/428 429/590/429 427/587/427
f 423/580/423 425/583/425 428/589/428 426/585/426
f 425/583/425 430/591/430 431/592/431 428/589/428
f 428/589/428 431/592/431 432/593/432 429/590/429
f 431/592/431 433/594/433 434/595/434 432/593/432
f 430/591/430 435/596/435 433/594/433 431/592/431
f 339/584/339 342/597/342 436/598/436 424/582/424
f 424/582/424 436/598/436 430/591/430 425/583/425
f 436/598/436 437/599/437 435/596/435 430/591/430
f 342/597/342 344/600/344 437/599/437 436/598/436
f 344/600/344 411/601/411 438/602/438 437/599/437
f 437/599/437 438/602/438 439/603/439 435/596/435
f 438/602/438 440/604/440 441/605/441 439/603/439
f 411/601/411 413/606/413 440/604/440 438/602/438
f 435/596/435 439/603/439 442/607/442 433/594/433
f 433/594/433 442/607/442 443/608/443 434/595/434
f 442/607/442 444/609/444 445/610/445 443/608/443
f 439/603/439 441/605/441 444/609/444 442/607/442
f 441/605/441 446/611/446 447/612/447 444/609/444
f 444/609/444 447/612/447 448/613/448 445/610/445
f 447/612/447 449/614/449 450/615/450 448/613/448
f 446/611/446 451/616/451 449/614/449 447/612/447
f 413/606/413 416/617/416 452/618/452 440/604/440
f 440/604/440 452/618/452 446/611/446 441/605/441
f 452/618/452 453/619/453 451/616/451 446/611/446
f 416/617/416 418/620/418 453/619/453 452/618/452
f 369/621/369 427/622/427 454/623/454 368/624/368
f 368/624/368 454/623/454 455/625/455 365/626/365
f 454/623/454 456/627/456 457/628/457 455/625/455
f 427/622/427 429/629/429 456/627/456 454/623/454
f 365/626/365 455/625/455 458/630/458 363/631/363
f 363/631/363 458/630/458 370/632/370 364/633/364
f 458/630/458 459/634/459 375/635/375 370/632/370
f 455/625/455 457/628/457 459/634/459 458/630/458
f 457/628/457 460/636/460 461/637/461 459/634/459
f 459/634/459 461/637/461 382/638/382 375/635/375
f 461/637/461 462/639/462 385/640/385 382/638/382
f 460/636/460 463/641/463 462/639/462 461/637/461
f 429/629/429 432/642/432 464/643/464 456/627/456
f 456/627/456 464/643/464 460/636/460 457/628/457
f 464/643/464 465/644/465 463/641/463 460/636/460
f 432/642/432 434/645/434 465/644/465 464/643/464
f 434/645/434 443/646/443 466/647/466 465/644/465
f 465/644/465 466/647/466 467/648/467 463/641/463
f 466/647/466 468/649/468 469/650/469 467/648/467
f 443/646/443 445/651/445 468/649/468 466/647/466
f 463/641/463 467/648/467 470/652/470 462/639/462
f 462/639/462 470/652/470 386/653/386 385/640/385
f 470/652/470 471/654/471 391/655/391 386/653/386
f 467/648/467 469/650/469 471/654/471 470/652/470
f 469/650/469 472/656/472 473/657/473 471/654/471
f 471/654/471 473/657/473 402/658/402 391/655/391
f 473/657/473 474/659/474 405/660/405 402/658/402
f 472/656/472 475/661/475 474/659/474 473/657/473
f 445/651/445 448/662/448 476/663/476 468/649/468
f 468/649/468 476/663/476 472/656/472 469/650/469
f 476/663/476 477/664/477 475/661/475 472/656/472
f 448/662/448 450/665/450 477/664/477 476/663/476
f 450/666/450 449/667/449 478/668/478 477/669/477
f 477/669/477 478/668/478 479/670/479 475/671/475
f 478/668/478 480/672/480 481/673/481 479/670/479
f 449/667/449 451/674/451 480/672/480 478/668/478
f 475/671/475 479/670/479 482/675/482 474/676/474
f 474/676/474 482/675/482 404/677/404 405/678/405
f 482/675/482 483/679/483 401/680/401 404/677/404
f 479/670/479 481/673/481 483/679/483 482/675/482
f 481/673/481 484/681/484 485/682/485 483/679/483
f 483/679/483 485/682/485 399/683/399 401/680/401
f 485/682/485 421/684/421 400/685/400 399/683/399
f 484/681/484 419/686/419 421/684/421 485/682/485
f 451/674/451 453/687/453 486/688/486 480/672/480
f 480/672/480 486/688/486 484/681/484 481/673/481
f 486/688/486 417/689/417 419/686/419 484/681/484
f 453/687/453 418/690/418 417/689/417 486/688/486
o head
v 0.972474 3.989180 0.000002
v 0.946390 3.972297 -0.228423
v 0.740166 4.078633 -0.236790
v 0.759963 4.098123 0.000002
v 0.907091 3.945708 -0.451093
v 0.710946 4.046493 -0.468436
v 0.489676 4.115857 -0.489674
v 0.508797 4.152825 -0.246998
v 0.522114 4.174549 0.000002
v 0.854362 3.904675 -0.645026
v 0.674545 3.990504 -0.674543
v 0.799632 3.857055 -0.799630
v 0.645028 3.904675 -0.854360
v 0.451094 3.945708 -0.907090
v 0.468438 4.046493 -0.710945
v 0.236791 4.078633 -0.740165
v 0.246999 4.152825 -0.508795
v 0.228425 3.972297 -0.946388
v 0.000000 3.989180 -0.972473
v 0.000000 4.098123 -0.759962
v 0.000000 4.174549 -0.522113
v 0.256505 4.192476 -0.256504
v 0.263180 4.215782 0.000002
v 0.000000 4.215782 -0.263179
v 0.000000 4.240138 0.000002
v 0.000000 4.215782 0.263182
v 0.256505 4.192476 0.256507
v 0.000000 4.174549 0.522116
v 0.246999 4.152825 0.508798
v 0.489676 4.115856 0.489677
v 0.508797 4.152825 0.247001
v 0.000000 4.098123 0.759965
v 0.236791 4.078633 0.740168
v 0.000000 3.989180 0.972476
v 0.228425 3.972297 0.946391
v 0.451094 3.945708 0.907093
v 0.468438 4.046493 0.710948
v 0.674545 3.990504 0.674546
v 0.710946 4.046493 0.468439
v 0.645028 3.904674 0.854363
v 0.799632 3.857055 0.799633
v 0.854362 3.904674 0.645029
v 0.907091 3.945708 0.451096
v 0.740166 4.078633 0.236793
v 0.946390 3.972297 0.228426
v 0.799632 1.943975 0.799633
v 0.836436 2.126550 0.836437
v 0.656872 2.106506 0.929190
v 0.645028 1.896357 0.854363
v 0.868609 2.357878 0.868610
v 0.676124 2.348042 0.978798
v 0.463529 2.334424 1.066342
v 0.455106 2.079804 1.000004
v 0.451094 1.855323 0.907093
v 0.889699 2.625556 0.889700
v 0.690794 2.621105 1.008172
v 0.903130 2.900515 0.903131
v 0.700594 2.900515 1.026207
v 0.478819 2.900515 1.126577
v 0.472424 2.614860 1.103908
v 0.237845 2.608616 1.167194
v 0.233526 2.321786 1.123707
v 0.241024 2.900515 1.193666
v 0.000000 2.900515 1.236747
v 0.000000 2.604165 1.207648
v 0.000000 2.312931 1.160289
v 0.229912 2.060131 1.048690
v 0.228425 1.828735 0.946391
v 0.000000 2.047116 1.080219
v 0.000000 1.811852 0.972475
v 0.889699 3.175477 0.889700
v 0.690794 3.179927 1.008172
v 0.868609 3.443152 0.868610
v 0.676124 3.452991 0.978798
v 0.463529 3.466608 1.066342
v 0.472424 3.186172 1.103908
v 0.836436 3.674482 0.836437
v 0.656872 3.694525 0.929191
v 0.455106 3.721229 1.000004
v 0.229912 3.740901 1.048690
v 0.233526 3.479245 1.123707
v 0.000000 3.753915 1.080219
v 0.000000 3.488101 1.160289
v 0.237845 3.192415 1.167194
v 0.000000 3.196867 1.207648
v 1.236746 2.900515 0.000001
v 1.207647 3.196867 0.000001
v 1.167193 3.192415 0.237846
v 1.193665 2.900515 0.241025
v 1.160288 3.488101 0.000001
v 1.123705 3.479245 0.233527
v 1.066341 3.466608 0.463530
v 1.103907 3.186172 0.472426
v 1.126576 2.900515 0.478821
v 1.080218 3.753915 0.000001
v 1.048689 3.740901 0.229914
v 1.000002 3.721229 0.455107
v 0.929189 3.694525 0.656873
v 0.978795 3.452991 0.676126
v 1.008171 3.179927 0.690795
v 1.026206 2.900515 0.700595
v 0.000000 2.900515 -1.236744
v 0.241024 2.900515 -1.193663
v 0.237845 2.608616 -1.167192
v 0.000000 2.604166 -1.207645
v 0.478819 2.900515 -1.126574
v 0.472424 2.614861 -1.103905
v 0.463529 2.334424 -1.066340
v 0.233526 2.321786 -1.123704
v 0.000000 2.312931 -1.160287
v 0.700594 2.900515 -1.026205
v 0.690794 2.621105 -1.008169
v 0.903130 2.900515 -0.903128
v 0.889699 2.625556 -0.889697
v 0.868609 2.357878 -0.868608
v 0.676124 2.348042 -0.978795
v 0.656872 2.106506 -0.929188
v 0.455106 2.079804 -1.000001
v 0.836436 2.126550 -0.836434
v 0.799632 1.943977 -0.799631
v 0.645028 1.896357 -0.854361
v 0.451094 1.855324 -0.907090
v 0.229912 2.060131 -1.048687
v 0.000000 2.047116 -1.080217
v 0.228425 1.828736 -0.946389
v 0.000000 1.811852 -0.972473
v 0.236791 1.722397 -0.740165
v 0.000000 1.702911 -0.759962
v 0.468438 1.754539 -0.710945
v 0.489676 1.685175 -0.489675
v 0.246999 1.648207 -0.508795
v 0.000000 1.626484 -0.522113
v 0.674545 1.810528 -0.674543
v 0.854362 1.896357 -0.645026
v 0.907091 1.855324 -0.451093
v 0.710946 1.754539 -0.468436
v 0.740166 1.722397 -0.236790
v 0.508797 1.648207 -0.246998
v 0.946390 1.828736 -0.228424
v 0.972474 1.811852 0.000001
v 0.759963 1.702911 0.000001
v 0.522114 1.626484 0.000001
v 0.256505 1.608556 -0.256504
v 0.000000 1.585250 -0.263179
v 0.263180 1.585250 0.000001
v 0.000000 1.560894 0.000001
v 1.080218 2.047116 0.000001
v 1.048689 2.060131 0.229914
v 0.946390 1.828736 0.228426
v 1.160288 2.312931 0.000001
v 1.123705 2.321786 0.233527
v 1.066341 2.334424 0.463530
v 1.000002 2.079804 0.455107
v 0.907091 1.855323 0.451095
v 1.207647 2.604166 0.000001
v 1.167193 2.608616 0.237846
v 1.103907 2.614860 0.472425
v 1.008171 2.621105 0.690795
v 0.978795 2.348042 0.676125
v 0.929189 2.106506 0.656873
v 0.854362 1.896357 0.645029
v 0.256505 1.608556 0.256506
v 0.000000 1.585250 0.263181
v 0.508797 1.648207 0.247001
v 0.489676 1.685175 0.489677
v 0.246999 1.648207 0.508798
v 0.000000 1.626483 0.522115
v 0.740166 1.722397 0.236792
v 0.710946 1.754538 0.468439
v 0.674545 1.810528 0.674546
v 0.468438 1.754538 0.710948
v 0.236791 1.722397 0.740167
v 0.000000 1.702911 0.759965
v 1.048689 2.060131 -0.229911
v 1.000002 2.079804 -0.455104
v 1.066341 2.334424 -0.463528
v 1.123705 2.321786 -0.233525
v 0.929189 2.106506 -0.656871
v 0.978795 2.348043 -0.676123
v 1.008171 2.621105 -0.690792
v 1.103907 2.614860 -0.472423
v 1.026206 2.900515 -0.700593
v 1.126574 2.900515 -0.478818
v 1.167193 2.608616 -0.237843
v 1.193665 2.900515 -0.241023
v 0.889699 3.175478 -0.889699
v 1.008171 3.179927 -0.690792
v 0.868609 3.443153 -0.868608
v 0.978795 3.452991 -0.676123
v 1.066341 3.466609 -0.463527
v 1.103907 3.186172 -0.472423
v 0.836436 3.674483 -0.836434
v 0.929189 3.694526 -0.656870
v 1.000002 3.721230 -0.455104
v 1.048689 3.740901 -0.229911
v 1.123705 3.479245 -0.233525
v 1.167193 3.192415 -0.237843
v 0.000000 3.196867 -1.207645
v 0.237845 3.192415 -1.167192
v 0.000000 3.488101 -1.160286
v 0.233526 3.479245 -1.123704
v 0.463529 3.466609 -1.066339
v 0.472424 3.186172 -1.103905
v 0.000000 3.753916 -1.080217
v 0.229912 3.740901 -1.048687
v 0.455106 3.721230 -1.000001
v 0.656872 3.694526 -0.929188
v 0.676124 3.452991 -0.978795
v 0.690794 3.179927 -1.008169
v -0.964396 3.989180 0.000002
v -0.756994 4.098123 0.000002
v -0.737657 4.078633 -0.236790
v -0.939565 3.972297 -0.228423
v -0.521690 4.174549 0.000002
v -0.508437 4.152825 -0.246998
v -0.489409 4.115857 -0.489674
v -0.709093 4.046493 -0.468436
v -0.902075 3.945708 -0.451093
v -0.263180 4.215782 0.000002
v -0.256505 4.192476 -0.256504
v -0.246999 4.152825 -0.508795
v -0.236791 4.078633 -0.740165
v -0.468273 4.046493 -0.710945
v -0.228425 3.972297 -0.946388
v -0.451001 3.945708 -0.907090
v -0.673399 3.990504 -0.674543
v -0.851336 3.904675 -0.645026
v -0.644394 3.904675 -0.854360
v -0.798137 3.857055 -0.799630
v -0.256505 4.192476 0.256507
v -0.508437 4.152825 0.247001
v -0.489409 4.115856 0.489677
v -0.246999 4.152825 0.508798
v -0.737657 4.078633 0.236793
v -0.939565 3.972297 0.228426
v -0.902075 3.945708 0.451096
v -0.709093 4.046493 0.468439
v -0.673399 3.990504 0.674546
v -0.468273 4.046493 0.710948
v -0.851336 3.904674 0.645029
v -0.798137 3.857055 0.799633
v -0.644394 3.904674 0.854363
v -0.451001 3.945708 0.907093
v -0.236791 4.078633 0.740168
v -0.228425 3.972297 0.946391
v -0.798137 1.943975 0.799633
v -0.644394 1.896357 0.854363
v -0.655727 2.106506 0.929190
v -0.833408 2.126550 0.836437
v -0.451001 1.855323 0.907093
v -0.454941 2.079804 1.000004
v -0.463262 2.334424 1.066342
v -0.674271 2.348042 0.978798
v -0.863592 2.357878 0.868610
v -0.228425 1.828735 0.946391
v -0.229912 2.060131 1.048690
v -0.233526 2.321786 1.123707
v -0.237845 2.608616 1.167194
v -0.472064 2.614860 1.103908
v -0.241024 2.900515 1.193666
v -0.478395 2.900515 1.126577
v -0.688285 2.621105 1.008172
v -0.882875 2.625556 0.889700
v -0.697624 2.900515 1.026207
v -0.895052 2.900515 0.903131
v -0.688285 3.179927 1.008172
v -0.882875 3.175477 0.889700
v -0.472064 3.186172 1.103908
v -0.463262 3.466608 1.066342
v -0.674271 3.452991 0.978798
v -0.863592 3.443152 0.868610
v -0.237845 3.192415 1.167194
v -0.233526 3.479245 1.123707
v -0.229912 3.740901 1.048690
v -0.454941 3.721229 1.000004
v -0.655727 3.694525 0.929191
v -0.833408 3.674482 0.836437
v -1.169307 2.900515 0.000001
v -1.136909 2.900515 0.241025
v -1.119407 3.192415 0.237846
v -1.150891 3.196867 0.000001
v -1.085202 2.900515 0.478821
v -1.069064 3.186172 0.472426
v -1.040918 3.466608 0.463530
v -1.088863 3.479245 0.233527
v -1.118916 3.488101 0.000001
v -1.002338 2.900515 0.700595
v -0.988060 3.179927 0.690795
v -0.964100 3.452991 0.676126
v -0.920625 3.694525 0.656873
v -0.985308 3.721229 0.455107
v -1.028578 3.740901 0.229914
v -1.056350 3.753915 0.000001
v -0.237845 2.608616 -1.167192
v -0.241024 2.900515 -1.193663
v -0.233526 2.321786 -1.123704
v -0.463262 2.334424 -1.066340
v -0.472064 2.614861 -1.103905
v -0.478395 2.900515 -1.126574
v -0.229912 2.060131 -1.048687
v -0.228425 1.828736 -0.946389
v -0.451001 1.855324 -0.907090
v -0.454941 2.079804 -1.000001
v -0.655727 2.106506 -0.929188
v -0.674271 2.348042 -0.978795
v -0.644394 1.896357 -0.854361
v -0.798137 1.943975 -0.799631
v -0.833408 2.126550 -0.836434
v -0.863592 2.357878 -0.868608
v -0.688285 2.621105 -1.008169
v -0.697624 2.900515 -1.026205
v -0.882874 2.625556 -0.889697
v -0.895052 2.900515 -0.903128
v -0.236791 1.722397 -0.740165
v -0.246999 1.648207 -0.508795
v -0.489409 1.685174 -0.489675
v -0.468273 1.754539 -0.710945
v -0.256505 1.608556 -0.256504
v -0.263180 1.585250 0.000001
v -0.521690 1.626484 0.000001
v -0.508437 1.648207 -0.246998
v -0.737657 1.722397 -0.236790
v -0.709093 1.754539 -0.468436
v -0.756994 1.702911 0.000001
v -0.964396 1.811852 0.000001
v -0.939565 1.828736 -0.228424
v -0.902075 1.855324 -0.451093
v -0.673399 1.810528 -0.674543
v -0.851334 1.896357 -0.645026
v -0.939565 1.828736 0.228426
v -1.028578 2.060131 0.229914
v -1.056350 2.047116 0.000001
v -0.902075 1.855323 0.451095
v -0.985308 2.079804 0.455107
v -1.040918 2.334424 0.463530
v -1.088863 2.321786 0.233527
v -1.118916 2.312931 0.000001
v -0.851336 1.896357 0.645029
v -0.920625 2.106506 0.656873
v -0.964100 2.348043 0.676125
v -0.988060 2.621105 0.690795
v -1.069064 2.614860 0.472425
v -1.119407 2.608616 0.237846
v -1.150891 2.604166 0.000001
v -0.256505 1.608556 0.256506
v -0.246999 1.648207 0.508798
v -0.489409 1.685174 0.489677
v -0.508437 1.648207 0.247001
v -0.236791 1.722397 0.740167
v -0.468273 1.754538 0.710948
v -0.673399 1.810528 0.674546
v -0.709093 1.754538 0.468439
v -0.737657 1.722397 0.236792
v -1.028578 2.060131 -0.229911
v -1.088863 2.321786 -0.233525
v -1.040918 2.334424 -0.463528
v -0.985308 2.079804 -0.455104
v -1.119406 2.608616 -0.237843
v -1.136909 2.900515 -0.241023
v -1.085202 2.900515 -0.478818
v -1.069064 2.614860 -0.472423
v -0.988060 2.621105 -0.690792
v -0.964100 2.348042 -0.676123
v -1.002338 2.900515 -0.700593
v -0.920625 2.106506 -0.656871
v -0.988060 3.179927 -0.690792
v -0.882874 3.175478 -0.889697
v -1.069064 3.186172 -0.472423
v -1.040918 3.466609 -0.463527
v -0.964100 3.452989 -0.676123
v -0.863592 3.443153 -0.868608
v -1.119407 3.192415 -0.237843
v -1.088863 3.479245 -0.233525
v -1.028578 3.740901 -0.229911
v -0.985308 3.721230 -0.455104
v -0.920625 3.694526 -0.656870
v -0.833408 3.674483 -0.836434
v -0.237845 3.192415 -1.167192
v -0.472064 3.186172 -1.103905
v -0.463262 3.466609 -1.066339
v -0.233526 3.479245 -1.123705
v -0.688285 3.179927 -1.008169
v -0.674271 3.452991 -0.978795
v -0.655727 3.694526 -0.929188
v -0.454941 3.721230 -1.000001
v -0.229912 3.740901 -1.048687
vt 1.056020 -0.056732
vt 1.056460 -0.056732
vt 1.056552 -0.056382
vt 1.056111 -0.056382
vt 1.056901 -0.056732
vt 1.056993 -0.056382
vt 1.056993 -0.055942
vt 1.056552 -0.055942
vt 1.056111 -0.055942
vt 1.056020 -0.056732
vt 1.056460 -0.056732
vt 1.056552 -0.056382
vt 1.056111 -0.056382
vt 1.056901 -0.056732
vt 1.056993 -0.056382
vt 1.056993 -0.055942
vt 1.056552 -0.055942
vt 1.056111 -0.055942
vt 1.056111 -0.056823
vt 1.056552 -0.056823
vt 1.056552 -0.056382
vt 1.056111 -0.056382
vt 1.056993 -0.056823
vt 1.056993 -0.056382
vt 1.056993 -0.055942
vt 1.056552 -0.055942
vt 1.056111 -0.055942
vt 1.056111 -0.056823
vt 1.056552 -0.056823
vt 1.056552 -0.056382
vt 1.056111 -0.056382
vt 1.056993 -0.056823
vt 1.056993 -0.056382
vt 1.056993 -0.055942
vt 1.056552 -0.055942
vt 1.056111 -0.055942
vt 1.056111 -0.056823
vt 1.056552 -0.056823
vt 1.056552 -0.056382
vt 1.056993 -0.056823
vt 1.056993 -0.056382
vt 1.056993 -0.055942
vt 1.056552 -0.055942
vt 1.056111 -0.056823
vt 1.056552 -0.056823
vt 1.056552 -0.056382
vt 1.056111 -0.056382
vt 1.056993 -0.056823
vt 1.056993 -0.056382
vt 1.056993 -0.055942
vt 1.056552 -0.055942
vt 1.056111 -0.055942
vt 1.056111 -0.056823
vt 1.056552 -0.056823
vt 1.056552 -0.056382
vt 1.056111 -0.056382
vt 1.056993 -0.056823
vt 1.056993 -0.056382
vt 1.056901 -0.055850
vt 1.056460 -0.055850
vt 1.056020 -0.055850
vt 1.056552 -0.056823
vt 1.056552 -0.056382
vt 1.056993 -0.056823
vt 1.056993 -0.056382
vt 1.056901 -0.055850
vt 1.056460 -0.055850
vt 1.056020 -0.055850
vt 1.056020 -0.056732
vt 1.056460 -0.056732
vt 1.056552 -0.056382
vt 1.056111 -0.056382
vt 1.056901 -0.056732
vt 1.056993 -0.056382
vt 1.056993 -0.055942
vt 1.056552 -0.055942
vt 1.056111 -0.055942
vt 1.056020 -0.056732
vt 1.056460 -0.056732
vt 1.056552 -0.056382
vt 1.056111 -0.056382
vt 1.056901 -0.056732
vt 1.056993 -0.056382
vt 1.056993 -0.055942
vt 1.056552 -0.055942
vt 1.056111 -0.055942
vt 1.056111 -0.056823
vt 1.056552 -0.056823
vt 1.056552 -0.056382
vt 1.056111 -0.056382
vt 1.056993 -0.056823
vt 1.056993 -0.056382
vt 1.056993 -0.055942
vt 1.056552 -0.055942
vt 1.056111 -0.055942
vt 1.056111 -0.056823
vt 1.056552 -0.056823
vt 1.056552 -0.056382
vt 1.056111 -0.056382
vt 1.056993 -0.056823
vt 1.056993 -0.056382
vt 1.056993 -0.055942
vt 1.056552 -0.055942
vt 1.056111 -0.055942
vt 1.056020 -0.056732
vt 1.056460 -0.056732
vt 1.056552 -0.056382
vt 1.056111 -0.056382
vt 1.056901 -0.056732
vt 1.056993 -0.056382
vt 1.056993 -0.055942
vt 1.056552 -0.055942
vt 1.056111 -0.055942
vt 1.056020 -0.056732
vt 1.056460 -0.056732
vt 1.056552 -0.056382
vt 1.056111 -0.056382
vt 1.056901 -0.056732
vt 1.056552 -0.055942
vt 1.056111 -0.055942
vt 1.056111 -0.056823
vt 1.056552 -0.056823
vt 1.056552 -0.056382
vt 1.056111 -0.056382
vt 1.056993 -0.055942
vt 1.056552 -0.055942
vt 1.056111 -0.055942
vt 1.056111 -0.056823
vt 1.056552 -0.056823
vt 1.056552 -0.056382
vt 1.056111 -0.056382
vt 1.056993 -0.056823
vt 1.056993 -0.056382
vt 1.056993 -0.055942
vt 1.056552 -0.055942
vt 1.056111 -0.055942
vt 0.501873 0.499896
vt 0.501873 0.646408
vt 0.358165 0.646408
vt 0.358165 0.499896
vt 0.501873 0.790619
vt 0.358165 0.790619
vt 0.216019 0.790619
vt 0.216019 0.646408
vt 0.216019 0.499896
vt 0.501873 0.923399
vt 0.358165 0.923399
vt 0.501873 1.053878
vt 0.358165 1.053878
vt 0.214457 1.053878
vt 0.216019 0.923399
vt 0.081629 0.923399
vt 0.081629 0.790619
vt 0.081629 1.053878
vt -0.051201 1.053878
vt -0.051201 0.923399
vt -0.051201 0.792920
vt 0.081629 0.646408
vt 0.081629 0.499896
vt -0.051201 0.646408
vt -0.051201 0.499896
vt 1.056111 -0.056823
vt 1.056552 -0.056823
vt 1.056552 -0.056382
vt 1.056111 -0.056382
vt 1.056993 -0.056823
vt 1.056993 -0.056382
vt 1.056993 -0.055942
vt 1.056552 -0.055942
vt 1.056111 -0.055942
vt 1.056111 -0.056823
vt 1.056552 -0.056823
vt 1.056552 -0.056382
vt 1.056111 -0.056382
vt 1.056901 -0.056732
vt 1.056901 -0.056292
vt 1.056901 -0.055850
vt 1.056552 -0.055942
vt 1.056111 -0.055942
vt 1.056111 -0.056823
vt 1.056552 -0.056823
vt 1.056552 -0.056382
vt 1.056111 -0.056382
vt 1.056901 -0.056732
vt 1.056901 -0.056292
vt 1.056901 -0.055850
vt 1.056552 -0.055942
vt 1.056111 -0.055942
vt 1.056111 -0.056823
vt 1.056552 -0.056823
vt 1.056552 -0.056382
vt 1.056111 -0.056382
vt 1.056993 -0.056823
vt 1.056993 -0.056382
vt 1.056993 -0.055942
vt 1.056552 -0.055942
vt 1.056111 -0.055942
vt 1.056111 -0.056823
vt 1.056552 -0.056823
vt 1.056552 -0.056382
vt 1.056111 -0.056382
vt 1.056993 -0.056823
vt 1.056993 -0.056382
vt 1.056993 -0.055942
vt 1.056552 -0.055942
vt 1.056111 -0.055942
vt 1.056111 -0.056823
vt 1.056552 -0.056823
vt 1.056552 -0.056382
vt 1.056111 -0.056382
vt 1.056901 -0.056732
vt 1.056901 -0.056292
vt 1.056901 -0.055850
vt 1.056552 -0.055942
vt 1.056111 -0.055942
vt 1.056111 -0.056823
vt 1.056552 -0.056823
vt 1.056552 -0.056382
vt 1.056111 -0.056382
vt 1.056901 -0.056732
vt 1.056901 -0.056292
vt 1.056901 -0.055850
vt 1.056552 -0.055942
vt 1.056111 -0.055942
vt 1.056111 -0.056823
vt 1.056552 -0.056823
vt 1.056552 -0.056382
vt 1.056111 -0.056382
vt 1.056993 -0.056823
vt 1.056993 -0.056382
vt 1.056993 -0.055942
vt 1.056552 -0.055942
vt 1.056111 -0.055942
vt 0.501873 -0.054086
vt 0.501873 0.076392
vt 0.358165 0.076392
vt 0.358165 -0.054086
vt 0.501873 0.209174
vt 0.358165 0.209174
vt 0.216019 0.209174
vt 0.216019 0.076392
vt 0.214457 -0.054086
vt 0.501873 0.353384
vt 0.358165 0.353384
vt 0.216019 0.353384
vt 0.081629 0.353384
vt 0.081629 0.209174
vt -0.051201 0.353384
vt -0.051201 0.206872
vt 0.081629 0.076392
vt 0.081629 -0.054086
vt -0.051201 0.076392
vt -0.051201 -0.054086
vt 1.056111 -0.056823
vt 1.056552 -0.056823
vt 1.056552 -0.056382
vt 1.056111 -0.056382
vt 1.056993 -0.056823
vt 1.056993 -0.056382
vt 1.056993 -0.055942
vt 1.056552 -0.055942
vt 1.056111 -0.055942
vt 1.056111 -0.056823
vt 1.056552 -0.056823
vt 1.056552 -0.056382
vt 1.056111 -0.056382
vt 1.056901 -0.056732
vt 1.056901 -0.056292
vt 1.056901 -0.055850
vt 1.056552 -0.055942
vt 1.056111 -0.055942
vt 1.056111 -0.056823
vt 1.056552 -0.056823
vt 1.056552 -0.056382
vt 1.056111 -0.056382
vt 1.056901 -0.056732
vt 1.056901 -0.056292
vt 1.056901 -0.055850
vt 1.056552 -0.055942
vt 1.056111 -0.056823
vt 1.056552 -0.056823
vt 1.056552 -0.056382
vt 1.056111 -0.056382
vt 1.056993 -0.056823
vt 1.056993 -0.056382
vt 1.056993 -0.055942
vt 1.056552 -0.055942
vt 0.645581 -0.054086
vt 0.645581 0.076392
vt 0.789289 -0.054086
vt 0.787727 0.076392
vt 0.787727 0.209174
vt 0.645581 0.209174
vt 0.922117 -0.054086
vt 0.922117 0.076392
vt 1.054946 -0.054086
vt 1.054946 0.076392
vt 1.054946 0.206872
vt 0.922117 0.209174
vt 0.922117 0.353384
vt 0.787727 0.353384
vt 1.054946 0.353384
vt 1.054946 0.499896
vt 0.922117 0.499896
vt 0.787727 0.499896
vt 0.645581 0.353384
vt 0.645581 0.499896
vt 1.054946 0.646408
vt 0.922117 0.646408
vt 1.054946 0.792920
vt 0.922117 0.790619
vt 0.787727 0.790619
vt 0.787727 0.646408
vt 1.054946 0.923399
vt 0.922117 0.923399
vt 1.054946 1.053878
vt 0.922117 1.053878
vt 0.789289 1.053878
vt 0.787727 0.923399
vt 0.645581 0.923399
vt 0.645581 0.790619
vt 0.645581 1.053878
vt 0.645581 0.646408
vt 1.056552 -0.056823
vt 1.056552 -0.056382
vt 1.056111 -0.056382
vt 1.056993 -0.056823
vt 1.056993 -0.056382
vt 1.056993 -0.055942
vt 1.056552 -0.055942
vt 1.056111 -0.055942
vt 1.056111 -0.056823
vt 1.056552 -0.056823
vt 1.056552 -0.056382
vt 1.056111 -0.056382
vt 1.056993 -0.056823
vt 1.056552 -0.055942
vt 1.056111 -0.055942
vt 1.056111 -0.056823
vt 1.056552 -0.056823
vt 1.056552 -0.056382
vt 1.056111 -0.056382
vt 1.056901 -0.055850
vt 1.056460 -0.055850
vt 1.056020 -0.055850
vt 1.056552 -0.056823
vt 1.056552 -0.056382
vt 1.056111 -0.056382
vt 1.056993 -0.056823
vt 1.056993 -0.056382
vt 1.056901 -0.055850
vt 1.056460 -0.055850
vt 1.056020 -0.055850
vt 1.056111 -0.056823
vt 1.056552 -0.056823
vt 1.056552 -0.056382
vt 1.056111 -0.056382
vt 1.056993 -0.056823
vt 1.056993 -0.056382
vt 1.056993 -0.055942
vt 1.056552 -0.055942
vt 1.056111 -0.055942
vt 1.056111 -0.056823
vt 1.056552 -0.056823
vt 1.056552 -0.056382
vt 1.056111 -0.056382
vt 1.056993 -0.056823
vt 1.056993 -0.056382
vt 1.056552 -0.055942
vt 1.056111 -0.055942
vt 1.056111 -0.056823
vt 1.056552 -0.056823
vt 1.056552 -0.056382
vt 1.056111 -0.056382
vt 1.056993 -0.056823
vt 1.056993 -0.056382
vt 1.056552 -0.055942
vt 1.056111 -0.055942
vt 1.056111 -0.056823
vt 1.056552 -0.056823
vt 1.056552 -0.056382
vt 1.056111 -0.056382
vt 1.056993 -0.056823
vt 1.056993 -0.056382
vt 1.056993 -0.055942
vt 1.056552 -0.055942
vt 1.056111 -0.055942
vt 1.056552 -0.056382
vt 1.056111 -0.056382
vt 1.056993 -0.056382
vt 1.056993 -0.055942
vt 1.056552 -0.055942
vt 1.056111 -0.055942
vt 1.056552 -0.056382
vt 1.056111 -0.056382
vt 1.056993 -0.056823
vt 1.056993 -0.056382
vt 1.056993 -0.055942
vt 1.056552 -0.055942
vt 1.056111 -0.055942
vt 1.056111 -0.056823
vt 1.056552 -0.056823
vt 1.056552 -0.056382
vt 1.056111 -0.056382
vt 1.056993 -0.056823
vt 1.056993 -0.056382
vt 1.056993 -0.055942
vt 1.056552 -0.055942
vt 1.056111 -0.055942
vt 1.056552 -0.056823
vt 1.056552 -0.056382
vt 1.056111 -0.056382
vt 1.056993 -0.056823
vt 1.056993 -0.056382
vt 1.056993 -0.055942
vt 1.056552 -0.055942
vt 1.056111 -0.055942
vt 1.056111 -0.056823
vt 1.056552 -0.056823
vt 1.056552 -0.056382
vt 1.056111 -0.056382
vt 1.056993 -0.056823
vt 1.056993 -0.056382
vt 1.056993 -0.055942
vt 1.056552 -0.055942
vt 1.056111 -0.055942
vt 1.056111 -0.056823
vt 1.056552 -0.056823
vt 1.056552 -0.056382
vt 1.056111 -0.056382
vt 1.056993 -0.056823
vt 1.056993 -0.056382
vt 1.056552 -0.055942
vt 1.056111 -0.055942
vt 1.056111 -0.056823
vt 1.056552 -0.056823
vt 1.056552 -0.056382
vt 1.056111 -0.056382
vt 1.056993 -0.056823
vt 1.056993 -0.056382
vt 1.056552 -0.055942
vt 1.056111 -0.055942
vt 1.056111 -0.056823
vt 1.056552 -0.056823
vt 1.056552 -0.056382
vt 1.056111 -0.056382
vt 1.056993 -0.056823
vt 1.056993 -0.056382
vt 1.056993 -0.055942
vt 1.056552 -0.055942
vt 1.056111 -0.055942
vt 1.056111 -0.056823
vt 1.056552 -0.056823
vt 1.056552 -0.056382
vt 1.056111 -0.056382
vt 1.056993 -0.056823
vt 1.056993 -0.056382
vt 1.056993 -0.055942
vt 1.056552 -0.055942
vt 1.056111 -0.055942
vt 1.056111 -0.056823
vt 1.056552 -0.056823
vt 1.056552 -0.056382
vt 1.056111 -0.056382
vt 1.056993 -0.056823
vt 1.056993 -0.056382
vt 1.056552 -0.055942
vt 1.056111 -0.055942
vt 1.056111 -0.056823
vt 1.056552 -0.056823
vt 1.056552 -0.056382
vt 1.056111 -0.056382
vt 1.056993 -0.056823
vt 1.056993 -0.056382
vt 1.056111 -0.056823
vt 1.056552 -0.056823
vt 1.056552 -0.056382
vt 1.056111 -0.056382
vt 1.056993 -0.056823
vt 1.056993 -0.056382
vt 1.056111 -0.055942
vt 1.056111 -0.056823
vt 1.056552 -0.056823
vt 1.056552 -0.056382
vt 1.056111 -0.056382
vt 1.056993 -0.056823
vt 1.056993 -0.056382
vt 1.056993 -0.055942
vt 1.056552 -0.055942
vt 1.056111 -0.055942
vt 1.056111 -0.056823
vt 1.056552 -0.056823
vt 1.056552 -0.056382
vt 1.056111 -0.056382
vt 1.056993 -0.056823
vt 1.056993 -0.056382
vt 1.056993 -0.055942
vt 1.056552 -0.055942
vt 1.056111 -0.055942
vt 1.056111 -0.056823
vt 1.056552 -0.056823
vt 1.056552 -0.056382
vt 1.056111 -0.056382
vt 1.056993 -0.056823
vt 1.056993 -0.056382
vt 1.056552 -0.055942
vt 1.056111 -0.055942
vt 1.056111 -0.056823
vt 1.056552 -0.056823
vt 1.056552 -0.056382
vt 1.056111 -0.056382
vt 1.056993 -0.056823
vt 1.056993 -0.056382
vt 1.056552 -0.055942
vt 1.056111 -0.055942
vt 1.056552 -0.056823
vt 1.056552 -0.056382
vt 1.056111 -0.056382
vt 1.056993 -0.056823
vt 1.056993 -0.056382
vt 1.056993 -0.055942
vt 1.056552 -0.055942
vt 1.056111 -0.055942
vt 1.056552 -0.056823
vt 1.056552 -0.056382
vt 1.056111 -0.056382
vt 1.056993 -0.056823
vt 1.056993 -0.056382
vt 1.056993 -0.055942
vt 1.056552 -0.055942
vt 1.056111 -0.055942
vt 1.056111 -0.056823
vt 1.056552 -0.056823
vt 1.056552 -0.056382
vt 1.056111 -0.056382
vt 1.056993 -0.056823
vt 1.056993 -0.056382
vt 1.056993 -0.055942
vt 1.056552 -0.055942
vt 1.056111 -0.055942
vt 1.056111 -0.056823
vt 1.056552 -0.056823
vt 1.056552 -0.056382
vt 1.056111 -0.056382
vt 1.056993 -0.056823
vt 1.056993 -0.056382
vt 1.056993 -0.055942
vt 1.056552 -0.055942
vt 1.056111 -0.055942
vt 1.056552 -0.056823
vt 1.056552 -0.056382
vt 1.056111 -0.056382
vt 1.056993 -0.056823
vt 1.056993 -0.056382
vt 1.056993 -0.055942
vt 1.056552 -0.055942
vt 1.056111 -0.055942
vt 1.056552 -0.056823
vt 1.056552 -0.056382
vt 1.056111 -0.056382
vt 1.056993 -0.056823
vt 1.056993 -0.056382
vt 1.056993 -0.055942
vt 1.056552 -0.055942
vt 1.056111 -0.055942
vt 1.056111 -0.056823
vt 1.056552 -0.056823
vt 1.056552 -0.056382
vt 1.056111 -0.056382
vt 1.056993 -0.056823
vt 1.056993 -0.056382
vt 1.056993 -0.055942
vt 1.056552 -0.055942
vt 1.056111 -0.055942
vt 1.056111 -0.056823
vt 1.056552 -0.056823
vt 1.056552 -0.056382
vt 1.056111 -0.056382
vt 1.056993 -0.056823
vt 1.056993 -0.056382
vt 1.056993 -0.055942
vt 1.056552 -0.055942
vt 1.056111 -0.055942
vt 1.056111 -0.056823
vt 1.056552 -0.056823
vt 1.056552 -0.056382
vt 1.056111 -0.056382
vt 1.056993 -0.056823
vt 1.056993 -0.056382
vt 1.056993 -0.055942
vt 1.056552 -0.055942
vt 1.056111 -0.055942
vt 1.056111 -0.056823
vt 1.056552 -0.056823
vt 1.056552 -0.056382
vt 1.056111 -0.056382
vt 1.056993 -0.056823
vt 1.056993 -0.056382
vt 1.056993 -0.055942
vt 1.056552 -0.055942
vt 1.056111 -0.055942
vt 1.056111 -0.056823
vt 1.056552 -0.056823
vt 1.056552 -0.056382
vt 1.056111 -0.056382
vt 1.056993 -0.056823
vt 1.056993 -0.056382
vt 1.056993 -0.055942
vt 1.056552 -0.055942
vt 1.056111 -0.055942
vt 1.056111 -0.056823
vt 1.056552 -0.056823
vt 1.056552 -0.056382
vt 1.056111 -0.056382
vt 1.056993 -0.056823
vt 1.056993 -0.056382
vt 1.056993 -0.055942
vt 1.056552 -0.055942
vt 1.056111 -0.055942
vt 1.056552 -0.056823
vt 1.056552 -0.056382
vt 1.056111 -0.056382
vt 1.056993 -0.056823
vt 1.056993 -0.056382
vt 1.056993 -0.055942
vt 1.056552 -0.055942
vt 1.056111 -0.055942
vt 1.056552 -0.056823
vt 1.056552 -0.056382
vt 1.056111 -0.056382
vt 1.056993 -0.056382
vt 1.056993 -0.055942
vt 1.056552 -0.055942
vt 1.056111 -0.055942
vt 1.056111 -0.056823
vt 1.056552 -0.056823
vt 1.056552 -0.056382
vt 1.056111 -0.056382
vt 1.056993 -0.056382
vt 1.056993 -0.055942
vt 1.056552 -0.055942
vt 1.056111 -0.055942
vt 1.056111 -0.056823
vt 1.056552 -0.056823
vt 1.056552 -0.056382
vt 1.056111 -0.056382
vt 1.056993 -0.056823
vt 1.056993 -0.056382
vt 1.056993 -0.055942
vt 1.056552 -0.055942
vt 1.056111 -0.055942
vt 1.056552 -0.056823
vt 1.056552 -0.056382
vt 1.056111 -0.056382
vt 1.056993 -0.056823
vt 1.056993 -0.056382
vt 1.056993 -0.055942
vt 1.056552 -0.055942
vt 1.056552 -0.056823
vt 1.056552 -0.056382
vt 1.056111 -0.056382
vt 1.056993 -0.056823
vt 1.056993 -0.056382
vt 1.056993 -0.055942
vt 1.056552 -0.055942
vt 1.056111 -0.055942
vt 1.056111 -0.056823
vt 1.056552 -0.056823
vt 1.056552 -0.056382
vt 1.056111 -0.056382
vt 1.056993 -0.056823
vt 1.056993 -0.056382
vt 1.056993 -0.055942
vt 1.056111 -0.056823
vt 1.056552 -0.056823
vt 1.056552 -0.056382
vt 1.056111 -0.056382
vt 1.056993 -0.056823
vt 1.056993 -0.056382
vt 1.056111 -0.056823
vt 1.056552 -0.056823
vt 1.056552 -0.056382
vt 1.056111 -0.056382
vt 1.056993 -0.056382
vt 1.056993 -0.055942
vt 1.056552 -0.055942
vt 1.056111 -0.055942
vt 1.056111 -0.056823
vt 1.056552 -0.056823
vt 1.056552 -0.056382
vt 1.056111 -0.056382
vt 1.056993 -0.056382
vt 1.056993 -0.055942
vt 1.056552 -0.055942
vt 1.056111 -0.055942
vt 1.056111 -0.056823
vt 1.056552 -0.056823
vt 1.056552 -0.056382
vt 1.056111 -0.056382
vt 1.056993 -0.056823
vt 1.056993 -0.056382
vt 1.056993 -0.055942
vt 1.056552 -0.055942
vt 1.056111 -0.056823
vt 1.056552 -0.056823
vt 1.056552 -0.056382
vt 1.056111 -0.056382
vt 1.056993 -0.056823
vt 1.056993 -0.056382
vt 1.056993 -0.055942
vt 1.056552 -0.055942
vt 1.056552 -0.056823
vt 1.056552 -0.056382
vt 1.056111 -0.056382
vt 1.056993 -0.056823
vt 1.056993 -0.056382
vt 1.056993 -0.055942
vt 1.056552 -0.055942
vt 1.056111 -0.055942
vt 1.056552 -0.056823
vt 1.056552 -0.056382
vt 1.056111 -0.056382
vt 1.056993 -0.056823
vt 1.056993 -0.056382
vt 1.056993 -0.055942
vt 1.056552 -0.055942
vt 1.056111 -0.055942
vt 1.056111 -0.056823
vt 1.056552 -0.056823
vt 1.056552 -0.056382
vt 1.056111 -0.056382
vt 1.056993 -0.056823
vt 1.056993 -0.056382
vt 1.056993 -0.055942
vt 1.056552 -0.056823
vt 1.056552 -0.056382
vt 1.056111 -0.056382
vt 1.056993 -0.056823
vt 1.056993 -0.056382
vt 1.056111 -0.055942
vn 0.7321 0.6812 -0.0000
vn 0.7218 0.6707 -0.1710
vn 0.3847 0.9121 -0.1416
vn 0.3868 0.9222 0.0000
vn 0.7140 0.6465 -0.2688
vn 0.3840 0.8916 -0.2399
vn 0.2364 0.9425 -0.2364
vn 0.2340 0.9633 -0.1312
vn 0.2350 0.9720 0.0000
vn 0.6937 0.6068 -0.3880
vn 0.3719 0.8505 -0.3719
vn 0.6105 0.5046 -0.6105
vn 0.3880 0.6068 -0.6937
vn 0.2688 0.6465 -0.7140
vn 0.2398 0.8918 -0.3838
vn 0.1416 0.9122 -0.3844
vn 0.1312 0.9633 -0.2340
vn 0.1710 0.6707 -0.7217
vn 0.0000 0.6812 -0.7321
vn -0.0000 0.9222 -0.3868
vn 0.0000 0.9720 -0.2350
vn 0.1261 0.9840 -0.1261
vn 0.1256 0.9921 0.0000
vn -0.0000 0.9921 -0.1256
vn -0.0000 1.0000 0.0000
vn -0.0000 0.9921 0.1256
vn 0.1261 0.9840 0.1261
vn 0.0000 0.9719 0.2354
vn 0.1312 0.9633 0.2340
vn 0.2364 0.9425 0.2364
vn 0.2340 0.9633 0.1312
vn 0.0000 0.9220 0.3873
vn 0.1416 0.9121 0.3847
vn 0.0000 0.6812 0.7321
vn 0.1710 0.6707 0.7217
vn 0.2688 0.6465 0.7140
vn 0.2398 0.8918 0.3838
vn 0.3719 0.8505 0.3719
vn 0.3838 0.8918 0.2398
vn 0.3880 0.6068 0.6937
vn 0.6105 0.5046 0.6105
vn 0.6937 0.6068 0.3880
vn 0.7140 0.6465 0.2688
vn 0.3849 0.9120 0.1416
vn 0.7218 0.6707 0.1710
vn 0.6105 -0.5046 0.6105
vn 0.6841 -0.2529 0.6841
vn 0.4045 -0.2694 0.8740
vn 0.3880 -0.6068 0.6937
vn 0.6980 -0.1597 0.6980
vn 0.4377 -0.1677 0.8834
vn 0.3132 -0.1910 0.9303
vn 0.2883 -0.3089 0.9064
vn 0.2688 -0.6465 0.7140
vn 0.7040 -0.0940 0.7040
vn 0.4557 -0.0969 0.8848
vn 0.7071 -0.0000 0.7071
vn 0.4629 -0.0000 0.8864
vn 0.3382 -0.0000 0.9411
vn 0.3309 -0.1084 0.9374
vn 0.2142 -0.1193 0.9695
vn 0.2019 -0.2102 0.9566
vn 0.2199 -0.0000 0.9755
vn 0.0000 -0.0000 1.0000
vn -0.0000 -0.1257 0.9921
vn 0.0000 -0.2203 0.9754
vn 0.1864 -0.3345 0.9238
vn 0.1710 -0.6707 0.7218
vn 0.0000 -0.3480 0.9375
vn 0.0000 -0.6812 0.7321
vn 0.7040 0.0940 0.7040
vn 0.4557 0.0969 0.8848
vn 0.6980 0.1597 0.6980
vn 0.4377 0.1677 0.8834
vn 0.3132 0.1910 0.9303
vn 0.3309 0.1084 0.9374
vn 0.6841 0.2529 0.6841
vn 0.4045 0.2694 0.8740
vn 0.2883 0.3089 0.9064
vn 0.1864 0.3344 0.9238
vn 0.2019 0.2102 0.9566
vn -0.0000 0.3475 0.9377
vn -0.0000 0.2200 0.9755
vn 0.2142 0.1193 0.9695
vn 0.0000 0.1257 0.9921
vn 1.0000 -0.0000 -0.0000
vn 0.9921 0.1257 -0.0000
vn 0.9695 0.1193 0.2142
vn 0.9755 -0.0000 0.2199
vn 0.9754 0.2203 0.0000
vn 0.9566 0.2102 0.2019
vn 0.9303 0.1910 0.3132
vn 0.9374 0.1084 0.3309
vn 0.9411 -0.0000 0.3382
vn 0.9376 0.3476 -0.0000
vn 0.9238 0.3344 0.1864
vn 0.9064 0.3089 0.2883
vn 0.8740 0.2694 0.4045
vn 0.8834 0.1677 0.4377
vn 0.8848 0.0969 0.4557
vn 0.8864 -0.0000 0.4629
vn 0.0000 -0.0000 -1.0000
vn 0.2199 -0.0000 -0.9755
vn 0.2142 -0.1193 -0.9695
vn 0.0000 -0.1257 -0.9921
vn 0.3382 -0.0000 -0.9411
vn 0.3309 -0.1084 -0.9374
vn 0.3132 -0.1910 -0.9303
vn 0.2019 -0.2102 -0.9566
vn -0.0000 -0.2203 -0.9754
vn 0.4629 -0.0000 -0.8864
vn 0.4557 -0.0969 -0.8848
vn 0.7071 -0.0000 -0.7071
vn 0.7040 -0.0940 -0.7040
vn 0.6980 -0.1597 -0.6980
vn 0.4377 -0.1677 -0.8834
vn 0.4045 -0.2694 -0.8740
vn 0.2884 -0.3085 -0.9065
vn 0.6841 -0.2529 -0.6841
vn 0.6105 -0.5046 -0.6105
vn 0.3880 -0.6068 -0.6937
vn 0.2688 -0.6465 -0.7140
vn 0.1864 -0.3349 -0.9236
vn -0.0000 -0.3480 -0.9375
vn 0.1710 -0.6707 -0.7217
vn -0.0000 -0.6812 -0.7321
vn 0.1416 -0.9122 -0.3844
vn -0.0000 -0.9220 -0.3871
vn 0.2399 -0.8916 -0.3840
vn 0.2364 -0.9425 -0.2364
vn 0.1312 -0.9633 -0.2340
vn -0.0000 -0.9720 -0.2350
vn 0.3721 -0.8503 -0.3721
vn 0.6937 -0.6068 -0.3880
vn 0.7140 -0.6465 -0.2688
vn 0.3838 -0.8918 -0.2398
vn 0.3844 -0.9122 -0.1416
vn 0.2340 -0.9633 -0.1312
vn 0.7217 -0.6707 -0.1710
vn 0.7321 -0.6812 0.0000
vn 0.3873 -0.9220 0.0000
vn 0.2350 -0.9720 -0.0000
vn 0.1261 -0.9840 -0.1261
vn -0.0000 -0.9921 -0.1256
vn 0.1256 -0.9921 0.0000
vn -0.0000 -1.0000 -0.0000
vn 0.9375 -0.3480 -0.0000
vn 0.9238 -0.3344 0.1864
vn 0.7217 -0.6707 0.1710
vn 0.9755 -0.2200 -0.0000
vn 0.9566 -0.2102 0.2019
vn 0.9303 -0.1910 0.3132
vn 0.9064 -0.3089 0.2883
vn 0.7140 -0.6465 0.2688
vn 0.9921 -0.1257 -0.0000
vn 0.9695 -0.1193 0.2142
vn 0.9374 -0.1084 0.3309
vn 0.8848 -0.0969 0.4557
vn 0.8834 -0.1677 0.4377
vn 0.8740 -0.2694 0.4045
vn 0.6937 -0.6069 0.3880
vn 0.1261 -0.9840 0.1261
vn -0.0000 -0.9921 0.1256
vn 0.2340 -0.9633 0.1312
vn 0.2364 -0.9425 0.2364
vn 0.1312 -0.9633 0.2340
vn 0.0000 -0.9720 0.2350
vn 0.3844 -0.9122 0.1416
vn 0.3838 -0.8918 0.2398
vn 0.3719 -0.8505 0.3719
vn 0.2399 -0.8916 0.3840
vn 0.1416 -0.9121 0.3847
vn 0.0000 -0.9220 0.3873
vn 0.9238 -0.3345 -0.1864
vn 0.9065 -0.3085 -0.2884
vn 0.9303 -0.1910 -0.3132
vn 0.9566 -0.2102 -0.2019
vn 0.8740 -0.2694 -0.4045
vn 0.8834 -0.1677 -0.4377
vn 0.8848 -0.0969 -0.4557
vn 0.9374 -0.1084 -0.3309
vn 0.8864 -0.0000 -0.4629
vn 0.9411 -0.0000 -0.3382
vn 0.9695 -0.1193 -0.2142
vn 0.9755 -0.0000 -0.2199
vn 0.7040 0.0940 -0.7040
vn 0.8848 0.0969 -0.4557
vn 0.6980 0.1597 -0.6980
vn 0.8834 0.1677 -0.4377
vn 0.9303 0.1910 -0.3132
vn 0.9374 0.1084 -0.3309
vn 0.6841 0.2529 -0.6841
vn 0.8740 0.2694 -0.4045
vn 0.9064 0.3089 -0.2883
vn 0.9236 0.3349 -0.1864
vn 0.9566 0.2102 -0.2019
vn 0.9695 0.1193 -0.2142
vn 0.0000 0.1257 -0.9921
vn 0.2142 0.1193 -0.9695
vn 0.0000 0.2203 -0.9754
vn 0.2019 0.2102 -0.9566
vn 0.3132 0.1910 -0.9303
vn 0.3309 0.1084 -0.9374
vn 0.0000 0.3480 -0.9375
vn 0.1864 0.3344 -0.9238
vn 0.2883 0.3089 -0.9064
vn 0.4045 0.2694 -0.8740
vn 0.4377 0.1677 -0.8834
vn 0.4557 0.0969 -0.8848
vn -0.7525 0.6586 0.0000
vn -0.3924 0.9198 0.0000
vn -0.3896 0.9102 -0.1407
vn -0.7416 0.6503 -0.1644
vn -0.2366 0.9716 0.0000
vn -0.2354 0.9630 -0.1311
vn -0.2372 0.9424 -0.2359
vn -0.3880 0.8902 -0.2386
vn -0.7304 0.6315 -0.2603
vn -0.1257 0.9921 0.0000
vn -0.1262 0.9840 -0.1261
vn -0.1313 0.9633 -0.2340
vn -0.1417 0.9121 -0.3847
vn -0.2407 0.8914 -0.3839
vn -0.1710 0.6707 -0.7217
vn -0.2694 0.6463 -0.7139
vn -0.3746 0.8499 -0.3706
vn -0.7063 0.5977 -0.3793
vn -0.3901 0.6062 -0.6931
vn -0.6194 0.4998 -0.6054
vn -0.1262 0.9840 0.1261
vn -0.2354 0.9630 0.1311
vn -0.2372 0.9424 0.2359
vn -0.1313 0.9633 0.2340
vn -0.3899 0.9101 0.1407
vn -0.7416 0.6503 0.1644
vn -0.7304 0.6315 0.2603
vn -0.3880 0.8902 0.2386
vn -0.3748 0.8496 0.3710
vn -0.2405 0.8917 0.3835
vn -0.7063 0.5977 0.3793
vn -0.6194 0.4998 0.6054
vn -0.3901 0.6062 0.6931
vn -0.2694 0.6463 0.7139
vn -0.1417 0.9121 0.3847
vn -0.1710 0.6707 0.7217
vn -0.6193 -0.5000 0.6054
vn -0.3901 -0.6062 0.6931
vn -0.4073 -0.2679 0.8731
vn -0.6966 -0.2449 0.6743
vn -0.2694 -0.6463 0.7139
vn -0.2891 -0.3086 0.9062
vn -0.3146 -0.1907 0.9299
vn -0.4420 -0.1662 0.8815
vn -0.7149 -0.1522 0.6824
vn -0.1710 -0.6707 0.7217
vn -0.1865 -0.3348 0.9236
vn -0.2021 -0.2102 0.9566
vn -0.2144 -0.1193 0.9694
vn -0.3328 -0.1082 0.9368
vn -0.2201 -0.0000 0.9755
vn -0.3403 -0.0000 0.9403
vn -0.4615 -0.0957 0.8819
vn -0.7250 -0.0882 0.6831
vn -0.4693 -0.0000 0.8830
vn -0.7293 -0.0000 0.6842
vn -0.4615 0.0957 0.8819
vn -0.7250 0.0882 0.6831
vn -0.3328 0.1082 0.9368
vn -0.3146 0.1907 0.9299
vn -0.4420 0.1662 0.8815
vn -0.7149 0.1522 0.6824
vn -0.2144 0.1193 0.9694
vn -0.2021 0.2102 0.9566
vn -0.1865 0.3348 0.9236
vn -0.2891 0.3086 0.9062
vn -0.4073 0.2679 0.8731
vn -0.6966 0.2449 0.6743
vn -1.0000 -0.0000 -0.0000
vn -0.9850 -0.0000 0.1725
vn -0.9816 0.0837 0.1716
vn -0.9964 0.0852 -0.0000
vn -0.9595 -0.0000 0.2818
vn -0.9565 0.0823 0.2799
vn -0.9486 0.1576 0.2746
vn -0.9716 0.1649 0.1700
vn -0.9856 0.1690 0.0000
vn -0.9120 -0.0000 0.4103
vn -0.9093 0.0815 0.4081
vn -0.9040 0.1477 0.4012
vn -0.8906 0.2483 0.3810
vn -0.9244 0.2749 0.2643
vn -0.9426 0.2890 0.1672
vn -0.9551 0.2963 0.0000
vn -0.2144 -0.1193 -0.9694
vn -0.2201 -0.0000 -0.9755
vn -0.2021 -0.2102 -0.9566
vn -0.3146 -0.1907 -0.9299
vn -0.3328 -0.1082 -0.9368
vn -0.3403 -0.0000 -0.9403
vn -0.1865 -0.3348 -0.9236
vn -0.1710 -0.6707 -0.7217
vn -0.2694 -0.6463 -0.7139
vn -0.2891 -0.3086 -0.9062
vn -0.4073 -0.2679 -0.8731
vn -0.4420 -0.1662 -0.8815
vn -0.3901 -0.6062 -0.6931
vn -0.6194 -0.4999 -0.6054
vn -0.6966 -0.2449 -0.6743
vn -0.7149 -0.1522 -0.6824
vn -0.4615 -0.0957 -0.8819
vn -0.4693 -0.0000 -0.8830
vn -0.7250 -0.0882 -0.6831
vn -0.7293 -0.0000 -0.6842
vn -0.1416 -0.9122 -0.3844
vn -0.1313 -0.9633 -0.2340
vn -0.2374 -0.9423 -0.2362
vn -0.2407 -0.8914 -0.3840
vn -0.1262 -0.9840 -0.1261
vn -0.1257 -0.9921 -0.0000
vn -0.2366 -0.9716 0.0000
vn -0.2354 -0.9630 -0.1311
vn -0.3896 -0.9102 -0.1407
vn -0.3880 -0.8902 -0.2386
vn -0.3927 -0.9196 0.0000
vn -0.7525 -0.6586 -0.0000
vn -0.7416 -0.6503 -0.1644
vn -0.7304 -0.6315 -0.2603
vn -0.3746 -0.8499 -0.3706
vn -0.7063 -0.5977 -0.3793
vn -0.7416 -0.6503 0.1644
vn -0.9426 -0.2890 0.1672
vn -0.9552 -0.2960 -0.0000
vn -0.7304 -0.6315 0.2603
vn -0.9244 -0.2749 0.2643
vn -0.9486 -0.1576 0.2746
vn -0.9716 -0.1649 0.1700
vn -0.9856 -0.1690 -0.0000
vn -0.7064 -0.5976 0.3793
vn -0.8906 -0.2483 0.3810
vn -0.9040 -0.1477 0.4012
vn -0.9093 -0.0815 0.4081
vn -0.9565 -0.0823 0.2799
vn -0.9816 -0.0837 0.1716
vn -0.9964 -0.0852 -0.0000
vn -0.1262 -0.9840 0.1261
vn -0.1313 -0.9633 0.2340
vn -0.2372 -0.9424 0.2359
vn -0.2354 -0.9630 0.1311
vn -0.1418 -0.9120 0.3848
vn -0.2407 -0.8914 0.3840
vn -0.3748 -0.8496 0.3710
vn -0.3882 -0.8902 0.2387
vn -0.3896 -0.9102 0.1407
vn -0.9427 -0.2886 -0.1672
vn -0.9716 -0.1649 -0.1700
vn -0.9486 -0.1576 -0.2746
vn -0.9244 -0.2749 -0.2643
vn -0.9816 -0.0837 -0.1716
vn -0.9850 -0.0000 -0.1725
vn -0.9595 -0.0000 -0.2818
vn -0.9565 -0.0823 -0.2799
vn -0.9093 -0.0815 -0.4081
vn -0.9040 -0.1477 -0.4012
vn -0.9120 -0.0000 -0.4103
vn -0.8906 -0.2483 -0.3810
vn -0.9093 0.0815 -0.4081
vn -0.7250 0.0882 -0.6831
vn -0.9565 0.0823 -0.2799
vn -0.9486 0.1576 -0.2746
vn -0.9040 0.1477 -0.4012
vn -0.7149 0.1522 -0.6824
vn -0.9816 0.0837 -0.1716
vn -0.9716 0.1649 -0.1700
vn -0.9426 0.2890 -0.1672
vn -0.9244 0.2749 -0.2643
vn -0.8906 0.2483 -0.3810
vn -0.6966 0.2449 -0.6743
vn -0.2144 0.1193 -0.9694
vn -0.3328 0.1082 -0.9368
vn -0.3146 0.1907 -0.9299
vn -0.2021 0.2102 -0.9566
vn -0.4615 0.0957 -0.8819
vn -0.4420 0.1662 -0.8815
vn -0.4073 0.2679 -0.8731
vn -0.2891 0.3086 -0.9062
vn -0.1865 0.3348 -0.9236
usemtl head
s 1
f 487/691/487 488/692/488 489/693/489 490/694/490
f 488/692/488 491/695/491 492/696/492 489/693/489
f 489/693/489 492/696/492 493/697/493 494/698/494
f 490/694/490 489/693/489 494/698/494 495/699/495
f 491/700/491 496/701/496 497/702/497 492/703/492
f 496/701/496 498/704/498 499/705/499 497/702/497
f 497/702/497 499/705/499 500/706/500 501/707/501
f 492/703/492 497/702/497 501/707/501 493/708/493
f 493/709/493 501/710/501 502/711/502 503/712/503
f 501/710/501 500/713/500 504/714/504 502/711/502
f 502/711/502 504/714/504 505/715/505 506/716/506
f 503/712/503 502/711/502 506/716/506 507/717/507
f 495/718/495 494/719/494 508/720/508 509/721/509
f 494/719/494 493/722/493 503/723/503 508/720/508
f 508/720/508 503/723/503 507/724/507 510/725/510
f 509/721/509 508/720/508 510/725/510 511/726/511
f 511/727/511 512/728/512 513/729/513 509/721/509
f 512/728/512 514/730/514 515/731/515 513/729/513
f 513/729/513 515/731/515 516/732/516 517/733/517
f 509/721/509 513/729/513 517/733/517 495/699/495
f 514/734/514 518/735/518 519/736/519 515/737/515
f 518/735/518 520/738/520 521/739/521 519/736/519
f 519/736/519 521/739/521 522/740/522 523/741/523
f 515/737/515 519/736/519 523/741/523 516/742/516
f 516/743/516 523/744/523 524/745/524 525/746/525
f 523/744/523 522/747/522 526/748/526 524/745/524
f 524/745/524 526/748/526 527/749/527 528/750/528
f 525/746/525 524/745/524 528/750/528 529/751/529
f 495/718/495 517/752/517 530/753/530 490/694/490
f 517/752/517 516/754/516 525/755/525 530/753/530
f 530/753/530 525/755/525 529/756/529 531/757/531
f 490/694/490 530/753/530 531/757/531 487/758/487
f 532/759/532 533/760/533 534/761/534 535/762/535
f 533/760/533 536/763/536 537/764/537 534/761/534
f 534/761/534 537/764/537 538/765/538 539/766/539
f 535/762/535 534/761/534 539/766/539 540/767/540
f 536/768/536 541/769/541 542/770/542 537/771/537
f 541/769/541 543/772/543 544/773/544 542/770/542
f 542/770/542 544/773/544 545/774/545 546/775/546
f 537/771/537 542/770/542 546/775/546 538/776/538
f 538/777/538 546/778/546 547/779/547 548/780/548
f 546/778/546 545/781/545 549/782/549 547/779/547
f 547/779/547 549/782/549 550/783/550 551/784/551
f 548/780/548 547/779/547 551/784/551 552/785/552
f 540/786/540 539/787/539 553/788/553 554/789/554
f 539/787/539 538/790/538 548/791/548 553/788/553
f 553/788/553 548/791/548 552/792/552 555/793/555
f 554/789/554 553/788/553 555/793/555 556/794/556
f 543/795/543 557/796/557 558/797/558 544/798/544
f 557/796/557 559/799/559 560/800/560 558/797/558
f 558/797/558 560/800/560 561/801/561 562/802/562
f 544/798/544 558/797/558 562/802/562 545/803/545
f 559/804/559 563/805/563 564/806/564 560/807/560
f 563/805/563 527/808/527 526/748/526 564/806/564
f 564/806/564 526/748/526 522/740/522 565/809/565
f 560/807/560 564/806/564 565/809/565 561/810/561
f 561/811/561 565/812/565 566/813/566 567/814/567
f 565/812/565 522/747/522 521/739/521 566/813/566
f 566/813/566 521/739/521 520/815/520 568/816/568
f 567/814/567 566/813/566 568/816/568 569/817/569
f 545/818/545 562/819/562 570/820/570 549/821/549
f 562/819/562 561/822/561 567/823/567 570/820/570
f 570/820/570 567/823/567 569/824/569 571/825/571
f 549/821/549 570/820/570 571/825/571 550/826/550
f 572/827/572 573/828/573 574/829/574 575/830/575
f 573/828/573 576/831/576 577/832/577 574/829/574
f 574/829/574 577/832/577 578/833/578 579/834/579
f 575/830/575 574/829/574 579/834/579 580/835/580
f 576/831/576 581/836/581 582/837/582 577/832/577
f 581/836/581 487/838/487 531/839/531 582/837/582
f 582/837/582 531/839/531 529/840/529 583/841/583
f 577/832/577 582/837/582 583/841/583 578/833/578
f 578/833/578 583/841/583 584/842/584 585/843/585
f 583/841/583 529/840/529 528/844/528 584/842/584
f 584/842/584 528/844/528 527/845/527 563/846/563
f 585/843/585 584/842/584 563/846/563 559/847/559
f 580/835/580 579/834/579 586/848/586 587/849/587
f 579/834/579 578/833/578 585/843/585 586/848/586
f 586/848/586 585/843/585 559/847/559 557/850/557
f 587/849/587 586/848/586 557/850/557 543/851/543
f 588/852/588 589/853/589 590/854/590 591/855/591
f 589/853/589 592/856/592 593/857/593 590/854/590
f 590/854/590 593/857/593 594/858/594 595/859/595
f 591/855/591 590/854/590 595/859/595 596/860/596
f 592/861/592 597/862/597 598/863/598 593/864/593
f 597/862/597 599/865/599 600/866/600 598/863/598
f 598/863/598 600/866/600 601/867/601 602/868/602
f 593/864/593 598/863/598 602/868/602 594/869/594
f 594/870/594 602/871/602 603/872/603 604/873/604
f 602/871/602 601/874/601 605/875/605 603/872/603
f 603/872/603 605/875/605 606/876/606 607/877/607
f 604/873/604 603/872/603 607/877/607 608/878/608
f 596/879/596 595/880/595 609/881/609 610/882/610
f 595/880/595 594/883/594 604/884/604 609/881/609
f 609/881/609 604/884/604 608/885/608 611/886/611
f 610/882/610 609/881/609 611/886/611 612/887/612
f 612/888/612 611/889/611 613/890/613 614/891/614
f 611/889/611 608/892/608 615/893/615 613/890/613
f 613/890/613 615/893/615 616/894/616 617/895/617
f 614/891/614 613/890/613 617/895/617 618/896/618
f 608/897/608 607/898/607 619/899/619 615/900/615
f 607/898/607 606/901/606 620/902/620 619/899/619
f 619/899/619 620/902/620 621/903/621 622/904/622
f 615/900/615 619/899/619 622/904/622 616/905/616
f 616/906/616 622/907/622 623/908/623 624/909/624
f 622/907/622 621/910/621 625/911/625 623/908/623
f 623/908/623 625/911/625 626/912/626 627/913/627
f 624/909/624 623/908/623 627/913/627 628/914/628
f 618/915/618 617/916/617 629/917/629 630/918/630
f 617/916/617 616/919/616 624/920/624 629/917/629
f 629/917/629 624/920/624 628/921/628 631/922/631
f 630/918/630 629/917/629 631/922/631 632/923/632
f 626/924/626 633/925/633 634/926/634 635/927/635
f 633/925/633 636/928/636 637/929/637 634/926/634
f 634/926/634 637/929/637 638/930/638 639/931/639
f 635/927/635 634/926/634 639/931/639 640/932/640
f 636/928/636 641/933/641 642/934/642 637/929/637
f 641/933/641 572/827/572 575/830/575 642/934/642
f 642/934/642 575/830/575 580/835/580 643/935/643
f 637/929/637 642/934/642 643/935/643 638/930/638
f 638/930/638 643/935/643 644/936/644 645/937/645
f 643/935/643 580/835/580 587/849/587 644/936/644
f 644/936/644 587/849/587 543/851/543 541/938/541
f 645/937/645 644/936/644 541/938/541 536/939/536
f 640/932/640 639/931/639 646/940/646 647/941/647
f 639/931/639 638/930/638 645/937/645 646/940/646
f 646/940/646 645/937/645 536/939/536 533/942/533
f 647/941/647 646/940/646 533/942/533 532/943/532
f 632/944/632 631/945/631 648/946/648 649/947/649
f 631/945/631 628/948/628 650/949/650 648/946/648
f 648/946/648 650/949/650 651/950/651 652/951/652
f 649/947/649 648/946/648 652/951/652 653/952/653
f 628/953/628 627/954/627 654/955/654 650/956/650
f 627/954/627 626/957/626 635/958/635 654/955/654
f 654/955/654 635/958/635 640/959/640 655/960/655
f 650/956/650 654/955/654 655/960/655 651/961/651
f 651/962/651 655/963/655 656/964/656 657/965/657
f 655/963/655 640/966/640 647/967/647 656/964/656
f 656/964/656 647/967/647 532/968/532 535/969/535
f 657/965/657 656/964/656 535/969/535 540/767/540
f 653/970/653 652/971/652 658/972/658 659/973/659
f 652/971/652 651/974/651 657/975/657 658/972/658
f 658/972/658 657/975/657 540/976/540 554/977/554
f 659/973/659 658/972/658 554/977/554 556/794/556
f 626/924/626 625/978/625 660/979/660 633/925/633
f 625/978/625 621/980/621 661/981/661 660/979/660
f 660/979/660 661/981/661 662/982/662 663/983/663
f 633/925/633 660/979/660 663/983/663 636/928/636
f 621/980/621 620/984/620 664/985/664 661/981/661
f 620/984/620 606/986/606 605/987/605 664/985/664
f 664/985/664 605/987/605 601/988/601 665/989/665
f 661/981/661 664/985/664 665/989/665 662/982/662
f 662/982/662 665/989/665 666/990/666 667/991/667
f 665/989/665 601/988/601 600/992/600 666/990/666
f 666/990/666 600/992/600 599/993/599 668/994/668
f 667/991/667 666/990/666 668/994/668 669/995/669
f 636/928/636 663/983/663 670/996/670 641/933/641
f 663/983/663 662/982/662 667/991/667 670/996/670
f 670/996/670 667/991/667 669/995/669 671/997/671
f 641/933/641 670/996/670 671/997/671 572/827/572
f 599/993/599 672/998/672 673/999/673 668/994/668
f 672/998/672 674/1000/674 675/1001/675 673/999/673
f 673/999/673 675/1001/675 676/1002/676 677/1003/677
f 668/994/668 673/999/673 677/1003/677 669/995/669
f 674/1000/674 678/1004/678 679/1005/679 675/1001/675
f 678/1004/678 498/1006/498 496/1007/496 679/1005/679
f 679/1005/679 496/1007/496 491/1008/491 680/1009/680
f 675/1001/675 679/1005/679 680/1009/680 676/1002/676
f 676/1002/676 680/1009/680 681/1010/681 682/1011/682
f 680/1009/680 491/1008/491 488/1012/488 681/1010/681
f 681/1010/681 488/1012/488 487/838/487 581/836/581
f 682/1011/682 681/1010/681 581/836/581 576/831/576
f 669/995/669 677/1003/677 683/1013/683 671/997/671
f 677/1003/677 676/1002/676 682/1011/682 683/1013/683
f 683/1013/683 682/1011/682 576/831/576 573/828/573
f 671/997/671 683/1013/683 573/828/573 572/827/572
f 588/852/588 684/1014/684 685/1015/685 589/1016/589
f 684/1014/684 686/1017/686 687/1018/687 685/1015/685
f 685/1015/685 687/1018/687 688/1019/688 689/1020/689
f 589/1016/589 685/1015/685 689/1020/689 592/1021/592
f 686/1022/686 690/1023/690 691/1024/691 687/1025/687
f 690/1023/690 505/1026/505 504/714/504 691/1024/691
f 691/1024/691 504/714/504 500/706/500 692/1027/692
f 687/1025/687 691/1024/691 692/1027/692 688/1028/688
f 688/1029/688 692/1030/692 693/1031/693 694/1032/694
f 692/1030/692 500/713/500 499/705/499 693/1031/693
f 693/1031/693 499/705/499 498/1033/498 678/1034/678
f 694/1032/694 693/1031/693 678/1034/678 674/1035/674
f 592/861/592 689/1036/689 695/1037/695 597/1038/597
f 689/1036/689 688/1039/688 694/1040/694 695/1037/695
f 695/1037/695 694/1040/694 674/1041/674 672/1042/672
f 597/1038/597 695/1037/695 672/1042/672 599/1043/599
f 696/1044/696 697/1045/697 698/1046/698 699/1047/699
f 697/1045/697 700/1048/700 701/1049/701 698/1046/698
f 698/1046/698 701/1049/701 702/1050/702 703/1051/703
f 699/1047/699 698/1046/698 703/1051/703 704/1052/704
f 700/1053/700 705/1054/705 706/1055/706 701/1056/701
f 705/1054/705 511/1057/511 510/1058/510 706/1055/706
f 706/1055/706 510/1058/510 507/724/507 707/1059/707
f 701/1056/701 706/1055/706 707/1059/707 702/1060/702
f 702/1061/702 707/1062/707 708/1063/708 709/1064/709
f 707/1062/707 507/1065/507 506/1066/506 708/1063/708
f 708/1063/708 506/1066/506 505/715/505 710/1067/710
f 709/1064/709 708/1063/708 710/1067/710 711/1068/711
f 704/1069/704 703/1070/703 712/1071/712 713/1072/713
f 703/1070/703 702/1073/702 709/1074/709 712/1071/712
f 712/1071/712 709/1074/709 711/1075/711 714/1076/714
f 713/1072/713 712/1071/712 714/1076/714 715/1077/715
f 511/727/511 705/1054/705 716/1078/716 512/1079/512
f 705/1054/705 700/1048/700 717/1080/717 716/1078/716
f 716/1078/716 717/1080/717 718/1081/718 719/1082/719
f 512/1079/512 716/1078/716 719/1082/719 514/1083/514
f 700/1053/700 697/1045/697 720/1084/720 717/1085/717
f 697/1045/697 696/1086/696 721/1087/721 720/1084/720
f 720/1084/720 721/1087/721 722/1088/722 723/1089/723
f 717/1085/717 720/1084/720 723/1089/723 718/1090/718
f 718/1091/718 723/1092/723 724/1093/724 725/1094/725
f 723/1092/723 722/1095/722 726/1096/726 724/1093/724
f 724/1093/724 726/1096/726 727/1097/727 728/1098/728
f 725/1094/725 724/1093/724 728/1098/728 729/1099/729
f 514/734/514 719/1100/719 730/1101/730 518/1102/518
f 719/1100/719 718/1103/718 725/1104/725 730/1101/730
f 730/1101/730 725/1104/725 729/1105/729 731/1106/731
f 518/1102/518 730/1101/730 731/1106/731 520/1107/520
f 732/1108/732 733/1109/733 734/1110/734 735/1111/735
f 733/1109/733 736/1112/736 737/1113/737 734/1110/734
f 734/1110/734 737/1113/737 738/1114/738 739/1115/739
f 735/1111/735 734/1110/734 739/1115/739 740/1116/740
f 736/1117/736 741/1118/741 742/1119/742 737/1120/737
f 741/1118/741 556/1121/556 555/1122/555 742/1119/742
f 742/1119/742 555/1122/555 552/792/552 743/1123/743
f 737/1120/737 742/1119/742 743/1123/743 738/1124/738
f 738/1125/738 743/1126/743 744/1127/744 745/1128/745
f 743/1126/743 552/1129/552 551/1130/551 744/1127/744
f 744/1127/744 551/1130/551 550/783/550 746/1131/746
f 745/1128/745 744/1127/744 746/1131/746 747/1132/747
f 740/1133/740 739/1134/739 748/1135/748 749/1136/749
f 739/1134/739 738/1137/738 745/1138/745 748/1135/748
f 748/1135/748 745/1138/745 747/1139/747 750/1140/750
f 749/1136/749 748/1135/748 750/1140/750 751/1141/751
f 751/1142/751 750/1143/750 752/1144/752 753/1145/753
f 750/1143/750 747/1146/747 754/1147/754 752/1144/752
f 752/1144/752 754/1147/754 755/1148/755 756/1149/756
f 753/1145/753 752/1144/752 756/1149/756 757/1150/757
f 747/1151/747 746/1152/746 758/1153/758 754/1154/754
f 746/1152/746 550/1155/550 571/1156/571 758/1153/758
f 758/1153/758 571/1156/571 569/824/569 759/1157/759
f 754/1154/754 758/1153/758 759/1157/759 755/1158/755
f 755/1159/755 759/1160/759 760/1161/760 761/1162/761
f 759/1160/759 569/1163/569 568/1164/568 760/1161/760
f 760/1161/760 568/1164/568 520/815/520 731/1106/731
f 761/1162/761 760/1161/760 731/1106/731 729/1099/729
f 757/1165/757 756/1166/756 762/1167/762 763/1168/763
f 756/1166/756 755/1169/755 761/1170/761 762/1167/762
f 762/1167/762 761/1170/761 729/1105/729 728/1098/728
f 763/1168/763 762/1167/762 728/1098/728 727/1171/727
f 764/1172/764 765/1173/765 766/1174/766 767/1175/767
f 765/1173/765 768/1176/768 769/1177/769 766/1174/766
f 766/1174/766 769/1177/769 770/1178/770 771/1179/771
f 767/1175/767 766/1174/766 771/1179/771 772/1180/772
f 768/1181/768 773/1182/773 774/1183/774 769/1184/769
f 773/1182/773 751/1185/751 753/1186/753 774/1183/774
f 774/1183/774 753/1186/753 757/1187/757 775/1188/775
f 769/1184/769 774/1183/774 775/1188/775 770/1189/770
f 770/1190/770 775/1191/775 776/1192/776 777/1193/777
f 775/1191/775 757/1194/757 763/1195/763 776/1192/776
f 776/1192/776 763/1195/763 727/1097/727 726/1196/726
f 777/1193/777 776/1192/776 726/1196/726 722/1197/722
f 772/1198/772 771/1199/771 778/1200/778 779/1201/779
f 771/1199/771 770/1202/770 777/1203/777 778/1200/778
f 778/1200/778 777/1203/777 722/1088/722 721/1204/721
f 779/1201/779 778/1200/778 721/1204/721 696/1205/696
f 588/852/588 591/1206/591 780/1207/780 781/1208/781
f 591/1206/591 596/1209/596 782/1210/782 780/1207/780
f 780/1207/780 782/1210/782 783/1211/783 784/1212/784
f 781/1208/781 780/1207/780 784/1212/784 785/1213/785
f 596/879/596 610/1214/610 786/1215/786 782/1216/782
f 610/1214/610 612/1217/612 787/1218/787 786/1215/786
f 786/1215/786 787/1218/787 788/1219/788 789/1220/789
f 782/1216/782 786/1215/786 789/1220/789 783/1221/783
f 783/1222/783 789/1223/789 790/1224/790 791/1225/791
f 789/1223/789 788/1226/788 792/1227/792 790/1224/790
f 790/1224/790 792/1227/792 793/1228/793 794/1229/794
f 791/1225/791 790/1224/790 794/1229/794 795/1230/795
f 785/1231/785 784/1232/784 796/1233/796 797/1234/797
f 784/1232/784 783/1235/783 791/1236/791 796/1233/796
f 796/1233/796 791/1236/791 795/1237/795 798/1238/798
f 797/1234/797 796/1233/796 798/1238/798 799/1239/799
f 612/888/612 614/1240/614 800/1241/800 787/1242/787
f 614/1240/614 618/1243/618 801/1244/801 800/1241/800
f 800/1241/800 801/1244/801 802/1245/802 803/1246/803
f 787/1242/787 800/1241/800 803/1246/803 788/1247/788
f 618/915/618 630/1248/630 804/1249/804 801/1250/801
f 630/1248/630 632/1251/632 805/1252/805 804/1249/804
f 804/1249/804 805/1252/805 806/1253/806 807/1254/807
f 801/1250/801 804/1249/804 807/1254/807 802/1255/802
f 802/1256/802 807/1257/807 808/1258/808 809/1259/809
f 807/1257/807 806/1260/806 810/1261/810 808/1258/808
f 808/1258/808 810/1261/810 811/1262/811 812/1263/812
f 809/1259/809 808/1258/808 812/1263/812 813/1264/813
f 788/1265/788 803/1266/803 814/1267/814 792/1268/792
f 803/1266/803 802/1269/802 809/1270/809 814/1267/814
f 814/1267/814 809/1270/809 813/1271/813 815/1272/815
f 792/1268/792 814/1267/814 815/1272/815 793/1273/793
f 811/1274/811 816/1275/816 817/1276/817 818/1277/818
f 816/1275/816 819/1278/819 820/1279/820 817/1276/817
f 817/1276/817 820/1279/820 821/1280/821 822/1281/822
f 818/1277/818 817/1276/817 822/1281/822 823/1282/823
f 819/1283/819 824/1284/824 825/1285/825 820/1286/820
f 824/1284/824 732/1287/732 735/1288/735 825/1285/825
f 825/1285/825 735/1288/735 740/1289/740 826/1290/826
f 820/1286/820 825/1285/825 826/1290/826 821/1291/821
f 821/1292/821 826/1293/826 827/1294/827 828/1295/828
f 826/1293/826 740/1296/740 749/1297/749 827/1294/827
f 827/1294/827 749/1297/749 751/1298/751 773/1299/773
f 828/1295/828 827/1294/827 773/1299/773 768/1300/768
f 823/1301/823 822/1302/822 829/1303/829 830/1304/830
f 822/1302/822 821/1305/821 828/1306/828 829/1303/829
f 829/1303/829 828/1306/828 768/1307/768 765/1308/765
f 830/1304/830 829/1303/829 765/1308/765 764/1309/764
f 632/944/632 649/1310/649 831/1311/831 805/1312/805
f 649/1310/649 653/1313/653 832/1314/832 831/1311/831
f 831/1311/831 832/1314/832 833/1315/833 834/1316/834
f 805/1312/805 831/1311/831 834/1316/834 806/1317/806
f 653/970/653 659/1318/659 835/1319/835 832/1320/832
f 659/1318/659 556/1121/556 741/1321/741 835/1319/835
f 835/1319/835 741/1321/741 736/1322/736 836/1323/836
f 832/1320/832 835/1319/835 836/1323/836 833/1324/833
f 833/1325/833 836/1326/836 837/1327/837 838/1328/838
f 836/1326/836 736/1112/736 733/1329/733 837/1327/837
f 837/1327/837 733/1329/733 732/1330/732 824/1331/824
f 838/1328/838 837/1327/837 824/1331/824 819/1332/819
f 806/1333/806 834/1334/834 839/1335/839 810/1336/810
f 834/1334/834 833/1337/833 838/1338/838 839/1335/839
f 839/1335/839 838/1338/838 819/1339/819 816/1340/816
f 810/1336/810 839/1335/839 816/1340/816 811/1341/811
f 811/1274/811 818/1342/818 840/1343/840 812/1344/812
f 818/1342/818 823/1345/823 841/1346/841 840/1343/840
f 840/1343/840 841/1346/841 842/1347/842 843/1348/843
f 812/1344/812 840/1343/840 843/1348/843 813/1264/813
f 823/1301/823 830/1349/830 844/1350/844 841/1351/841
f 830/1349/830 764/1352/764 845/1353/845 844/1350/844
f 844/1350/844 845/1353/845 846/1354/846 847/1355/847
f 841/1351/841 844/1350/844 847/1355/847 842/1356/842
f 842/1357/842 847/1358/847 848/1359/848 849/1360/849
f 847/1358/847 846/1361/846 850/1362/850 848/1359/848
f 848/1359/848 850/1362/850 799/1363/799 798/1238/798
f 849/1360/849 848/1359/848 798/1238/798 795/1230/795
f 813/1364/813 843/1365/843 851/1366/851 815/1367/815
f 843/1365/843 842/1368/842 849/1369/849 851/1366/851
f 851/1366/851 849/1369/849 795/1237/795 794/1229/794
f 815/1367/815 851/1366/851 794/1229/794 793/1273/793
f 799/1370/799 850/1371/850 852/1372/852 853/1373/853
f 850/1371/850 846/1361/846 854/1374/854 852/1372/852
f 852/1372/852 854/1374/854 855/1375/855 856/1376/856
f 853/1373/853 852/1372/852 856/1376/856 857/1377/857
f 846/1378/846 845/1379/845 858/1380/858 854/1381/854
f 845/1379/845 764/1352/764 767/1382/767 858/1380/858
f 858/1380/858 767/1382/767 772/1383/772 859/1384/859
f 854/1381/854 858/1380/858 859/1384/859 855/1385/855
f 855/1386/855 859/1387/859 860/1388/860 861/1389/861
f 859/1387/859 772/1390/772 779/1391/779 860/1388/860
f 860/1388/860 779/1391/779 696/1392/696 699/1393/699
f 861/1389/861 860/1388/860 699/1393/699 704/1052/704
f 857/1394/857 856/1395/856 862/1396/862 863/1397/863
f 856/1395/856 855/1398/855 861/1399/861 862/1396/862
f 862/1396/862 861/1399/861 704/1400/704 713/1401/713
f 863/1397/863 862/1396/862 713/1401/713 715/1077/715
f 588/852/588 781/1402/781 864/1403/864 684/1404/684
f 781/1402/781 785/1405/785 865/1406/865 864/1403/864
f 864/1403/864 865/1406/865 866/1407/866 867/1408/867
f 684/1404/684 864/1403/864 867/1408/867 686/1409/686
f 785/1231/785 797/1410/797 868/1411/868 865/1412/865
f 797/1410/797 799/1413/799 853/1414/853 868/1411/868
f 868/1411/868 853/1414/853 857/1415/857 869/1416/869
f 865/1412/865 868/1411/868 869/1416/869 866/1417/866
f 866/1418/866 869/1419/869 870/1420/870 871/1421/871
f 869/1419/869 857/1422/857 863/1423/863 870/1420/870
f 870/1420/870 863/1423/863 715/1424/715 714/1076/714
f 871/1421/871 870/1420/870 714/1076/714 711/1068/711
f 686/1022/686 867/1425/867 872/1426/872 690/1427/690
f 867/1425/867 866/1428/866 871/1429/871 872/1426/872
f 872/1426/872 871/1429/871 711/1075/711 710/1067/710
f 690/1427/690 872/1426/872 710/1067/710 505/1430/505
o left_leg
v -0.803046 -5.236690 1.725205
v -0.836896 -5.026747 1.758344
v -0.932246 -5.033780 1.389649
v -0.856354 -5.266168 1.390357
v -0.968370 -5.040812 0.976319
v -0.881698 -5.280233 0.984710
v -0.949163 -4.762190 1.388063
v -0.994382 -4.763007 0.966124
v -0.843036 -4.761371 1.765826
v -0.932246 -5.033780 0.562495
v -0.856354 -5.266168 0.578076
v -0.836896 -5.026747 0.193308
v -0.803046 -5.236690 0.241162
v -0.949163 -4.762190 0.544129
v -0.843036 -4.761371 0.166309
v -0.967408 -4.421152 0.950814
v -0.922440 -4.421152 0.533982
v -0.818132 -4.421151 0.160615
v -0.885521 -4.034755 0.522568
v -0.785430 -4.034755 0.157055
v -0.928675 -4.034755 0.930611
v -0.818132 -4.421152 1.741012
v -0.922440 -4.421152 1.367645
v -0.885521 -4.034755 1.338657
v -0.785430 -4.034755 1.704168
v -0.439945 -5.266168 0.194130
v -0.454186 -5.322122 0.567978
v -0.466991 -5.343219 0.986916
v 0.000000 -5.343219 0.557216
v 0.000000 -5.369711 0.987846
v 0.000000 -5.280232 0.171725
v -0.454186 -5.322122 1.404377
v -0.439945 -5.266168 1.774303
v 0.000000 -5.343219 1.416618
v 0.000000 -5.280233 1.797693
v 0.466991 -5.343219 0.986916
v 0.454186 -5.322122 1.404377
v 0.439945 -5.266168 1.774303
v 0.856354 -5.266168 1.390357
v 0.803046 -5.236690 1.725205
v 0.881698 -5.280233 0.984710
v 0.439945 -5.266168 0.194130
v 0.454186 -5.322122 0.567978
v 0.856354 -5.266168 0.578076
v 0.803046 -5.236690 0.241162
v 0.836896 -5.026747 1.758344
v 0.442302 -5.033780 1.847555
v 0.000000 -5.040812 1.881412
v 0.444798 -4.762190 1.866532
v 0.000000 -4.763009 1.909454
v 0.843036 -4.761371 1.765826
v -0.442302 -5.033780 1.847555
v -0.444798 -4.762190 1.866532
v 0.000000 -4.421152 1.885190
v -0.431567 -4.421152 1.841758
v -0.414308 -4.034755 1.802747
v 0.000000 -4.034755 1.845248
v 0.818132 -4.421152 1.741012
v 0.431567 -4.421152 1.841758
v 0.414308 -4.034755 1.802747
v 0.785430 -4.034755 1.704168
v 0.734635 -3.433301 1.623954
v 0.387523 -3.433301 1.718182
v 0.000000 -3.433301 1.758805
v 0.358392 -2.804534 1.622959
v 0.000000 -2.802719 1.660313
v 0.679249 -2.806350 1.535051
v -0.387521 -3.433301 1.718182
v -0.734635 -3.433301 1.623954
v -0.358392 -2.804534 1.622959
v -0.679249 -2.806350 1.535051
v 0.000000 -2.203896 1.532318
v -0.324084 -2.219501 1.506429
v -0.613067 -2.235105 1.434962
v -0.294288 -1.703855 1.361398
v -0.540823 -1.769264 1.333205
v 0.000000 -1.672647 1.374995
v 0.613067 -2.235105 1.434962
v 0.324084 -2.219501 1.506429
v 0.294288 -1.703855 1.361398
v 0.540823 -1.769264 1.333205
v -0.828295 -3.433301 1.274733
v -0.868670 -3.433301 0.884857
v -0.764751 -2.804534 1.204471
v -0.801162 -2.802719 0.835241
v -0.828295 -3.433301 0.494983
v -0.734635 -3.433301 0.145762
v -0.764751 -2.804534 0.466306
v -0.679249 -2.806350 0.136020
v -0.707468 -2.203896 0.786905
v -0.681895 -2.219501 0.446946
v -0.613067 -2.235105 0.143909
v -0.570327 -1.703855 0.429377
v -0.540823 -1.769264 0.170141
v -0.584606 -1.672647 0.743842
v -0.681895 -2.219501 1.129394
v -0.570327 -1.703855 1.063365
v -0.442302 -5.033780 0.104589
v 0.000000 -5.040812 0.071225
v -0.444798 -4.762189 0.065660
v 0.000000 -4.763007 0.022794
v 0.442302 -5.033780 0.104589
v 0.836896 -5.026747 0.193308
v 0.444798 -4.762189 0.065661
v 0.843036 -4.761371 0.166309
v 0.000000 -4.421151 0.016437
v 0.431567 -4.421151 0.059869
v 0.818132 -4.421151 0.160615
v 0.414308 -4.034755 0.058476
v 0.785430 -4.034755 0.157055
v 0.000000 -4.034755 0.015975
v -0.431567 -4.421151 0.059869
v -0.414308 -4.034755 0.058476
v -0.387521 -3.433301 0.051532
v 0.000000 -3.433301 0.010911
v -0.358392 -2.804534 0.047820
v 0.000000 -2.802719 0.010169
v 0.387521 -3.433301 0.051532
v 0.734635 -3.433301 0.145762
v 0.358392 -2.804534 0.047820
v 0.679249 -2.806350 0.136020
v 0.000000 -2.203896 0.041493
v 0.324084 -2.219501 0.069912
v 0.613067 -2.235105 0.143909
v 0.294288 -1.703855 0.131343
v 0.540823 -1.769264 0.170140
v 0.000000 -1.672647 0.112687
v -0.324084 -2.219501 0.069912
v -0.294288 -1.703855 0.131343
v 0.932246 -5.033780 0.562495
v 0.968370 -5.040812 0.976319
v 0.949163 -4.762190 0.544130
v 0.994382 -4.763007 0.966124
v 0.932246 -5.033780 1.389649
v 0.949163 -4.762190 1.388063
v 0.967408 -4.421152 0.950814
v 0.922440 -4.421152 1.367645
v 0.885521 -4.034755 1.338657
v 0.928675 -4.034755 0.930611
v 0.922440 -4.421152 0.533982
v 0.885521 -4.034755 0.522566
v 0.828295 -3.433301 0.494983
v 0.868670 -3.433301 0.884857
v 0.764751 -2.804534 0.466306
v 0.801162 -2.802719 0.835241
v 0.828295 -3.433301 1.274733
v 0.764751 -2.804534 1.204471
v 0.707468 -2.203896 0.786905
v 0.681895 -2.219501 1.129393
v 0.570327 -1.703855 1.063365
v 0.584606 -1.672647 0.743840
v 0.681895 -2.219501 0.446946
v 0.570327 -1.703855 0.429377
v 0.297981 -1.579702 0.413710
v 0.304827 -1.532889 0.732511
v 0.000000 -1.532889 0.402060
v 0.000000 -1.474104 0.727747
v 0.297981 -1.579702 1.058902
v 0.000000 -1.532889 1.062963
v -0.304827 -1.532889 0.732511
v -0.297981 -1.579702 1.058902
v -0.297981 -1.579702 0.413710
vt 0.374203 0.143058
vt 0.374041 0.159204
vt 0.348748 0.159317
vt 0.348829 0.143283
vt 0.323200 0.159415
vt 0.323455 0.143508
vt 0.348687 0.176475
vt 0.323200 0.176487
vt 0.373879 0.175351
vt 0.296056 0.159424
vt 0.296000 0.143497
vt 0.268658 0.159419
vt 0.268546 0.143487
vt 0.296113 0.176488
vt 0.268770 0.175351
vt 0.323215 0.200686
vt 0.296174 0.200686
vt 0.268894 0.200686
vt 0.296226 0.227515
vt 0.269018 0.226020
vt 0.323231 0.227515
vt 0.374051 0.200686
vt 0.348753 0.200686
vt 0.348833 0.227515
vt 0.374224 0.226020
vt 0.479955 0.037428
vt 0.479932 0.060811
vt 0.457857 0.060409
vt 0.457689 0.037041
vt 0.435528 0.060037
vt 0.435423 0.036653
vt 0.458043 0.084117
vt 0.435859 0.083717
vt 0.479908 0.084195
vt 0.411610 0.059856
vt 0.411568 0.036822
vt 0.387438 0.059706
vt 0.387713 0.036992
vt 0.411686 0.083320
vt 0.387163 0.082420
vt 0.436413 0.109668
vt 0.411981 0.109482
vt 0.387150 0.109311
vt 0.412310 0.136074
vt 0.387137 0.136202
vt 0.437483 0.135945
vt 0.479885 0.110261
vt 0.458348 0.109957
vt 0.458672 0.136136
vt 0.479862 0.136327
vt 0.264559 0.143805
vt 0.264468 0.159217
vt 0.242493 0.159329
vt 0.242538 0.143909
vt 0.220450 0.159430
vt 0.220518 0.144012
vt 0.242444 0.175783
vt 0.220439 0.175894
vt 0.264377 0.175136
vt 0.197986 0.159460
vt 0.198041 0.143929
vt 0.175455 0.159479
vt 0.175565 0.143845
vt 0.197939 0.175997
vt 0.175344 0.175620
vt 0.220430 0.200158
vt 0.197943 0.200218
vt 0.175368 0.200279
vt 0.197951 0.226731
vt 0.175392 0.225444
vt 0.220424 0.226724
vt 0.264225 0.200037
vt 0.242371 0.200097
vt 0.242308 0.226716
vt 0.264073 0.225444
vt 0.264138 0.263851
vt 0.242328 0.263851
vt 0.220424 0.263851
vt 0.242332 0.297664
vt 0.220424 0.297663
vt 0.264204 0.296791
vt 0.197935 0.263851
vt 0.175352 0.263851
vt 0.197931 0.297662
vt 0.175312 0.296791
vt 0.220414 0.330124
vt 0.198027 0.330113
vt 0.175537 0.330102
vt 0.198140 0.370143
vt 0.175762 0.370121
vt 0.220518 0.370165
vt 0.263784 0.330146
vt 0.242151 0.330135
vt 0.241941 0.370187
vt 0.263364 0.370209
vt 0.374294 0.263719
vt 0.348875 0.263719
vt 0.323234 0.263719
vt 0.348916 0.296442
vt 0.323236 0.296451
vt 0.374365 0.296853
vt 0.296208 0.263719
vt 0.268962 0.263719
vt 0.296180 0.296452
vt 0.268906 0.296853
vt 0.323241 0.335793
vt 0.296145 0.335796
vt 0.268835 0.335788
vt 0.296110 0.370175
vt 0.268765 0.370158
vt 0.323455 0.370191
vt 0.374528 0.335634
vt 0.348992 0.335719
vt 0.349073 0.370020
vt 0.374691 0.369849
vt 0.169144 0.143659
vt 0.169295 0.159348
vt 0.147586 0.159482
vt 0.147510 0.143927
vt 0.125742 0.159548
vt 0.125876 0.144194
vt 0.147661 0.178695
vt 0.125751 0.178702
vt 0.169446 0.176559
vt 0.103056 0.159190
vt 0.103056 0.143343
vt 0.080237 0.158765
vt 0.080237 0.142492
vt 0.103056 0.178659
vt 0.080237 0.176559
vt 0.125760 0.199131
vt 0.103056 0.199131
vt 0.080237 0.199131
vt 0.103056 0.229547
vt 0.080237 0.229311
vt 0.125765 0.229547
vt 0.169589 0.199131
vt 0.147733 0.199131
vt 0.147789 0.229547
vt 0.169733 0.229311
vt 0.169624 0.261442
vt 0.147745 0.261442
vt 0.125753 0.261442
vt 0.147702 0.297835
vt 0.125742 0.297835
vt 0.169515 0.297122
vt 0.103052 0.261442
vt 0.080237 0.261442
vt 0.103045 0.297835
vt 0.080237 0.297122
vt 0.125753 0.331596
vt 0.103029 0.331596
vt 0.080192 0.331596
vt 0.103011 0.369620
vt 0.080146 0.369620
vt 0.125876 0.369620
vt 0.169662 0.331596
vt 0.147764 0.331596
vt 0.147843 0.369620
vt 0.169809 0.369620
vt 0.484597 0.143235
vt 0.484597 0.159381
vt 0.456432 0.159381
vt 0.455782 0.143235
vt 0.428747 0.159366
vt 0.426967 0.143235
vt 0.457025 0.176213
vt 0.429792 0.176185
vt 0.484598 0.175526
vt 0.404077 0.159262
vt 0.403426 0.143235
vt 0.379886 0.159143
vt 0.379886 0.143235
vt 0.404670 0.175986
vt 0.379886 0.175052
vt 0.430209 0.197316
vt 0.404908 0.197082
vt 0.379886 0.196815
vt 0.405090 0.221008
vt 0.379886 0.218578
vt 0.430530 0.221261
vt 0.484597 0.197349
vt 0.457263 0.197349
vt 0.457446 0.221296
vt 0.484598 0.219171
vt 0.484597 0.258571
vt 0.457638 0.258571
vt 0.430868 0.258540
vt 0.457887 0.297539
vt 0.431304 0.297514
vt 0.484598 0.297971
vt 0.405282 0.258315
vt 0.379886 0.258060
vt 0.405531 0.297333
vt 0.379886 0.297543
vt 0.432351 0.333784
vt 0.406126 0.333690
vt 0.379886 0.333582
vt 0.406776 0.369622
vt 0.379886 0.369622
vt 0.433666 0.369622
vt 0.484597 0.333797
vt 0.458482 0.333797
vt 0.459132 0.369622
vt 0.484597 0.369622
vt 0.480450 0.386666
vt 0.480571 0.411522
vt 0.457477 0.410914
vt 0.457420 0.385959
vt 0.434377 0.410393
vt 0.434391 0.385253
vt 0.457544 0.435875
vt 0.434414 0.435420
vt 0.480692 0.436377
vt 0.411241 0.410416
vt 0.411173 0.385689
vt 0.388100 0.410526
vt 0.387955 0.386126
vt 0.411319 0.435220
vt 0.388246 0.434926
vt 0.434640 0.460602
vt 0.411453 0.460508
vt 0.388241 0.460444
vt 0.411596 0.485874
vt 0.388237 0.485962
vt 0.434955 0.485786
vt 0.480690 0.461182
vt 0.457677 0.460878
vt 0.457822 0.485887
vt 0.480688 0.485987
vn -0.6157 -0.4720 0.6309
vn -0.7096 -0.1504 0.6884
vn -0.9730 -0.1597 0.1667
vn -0.8108 -0.5652 0.1524
vn -0.9828 -0.1848 0.0022
vn -0.7996 -0.6005 0.0027
vn -0.9825 0.0130 0.1856
vn -1.0000 0.0000 0.0011
vn -0.7161 0.0201 0.6977
vn -0.9718 -0.1704 -0.1631
vn -0.8035 -0.5770 -0.1466
vn -0.7187 -0.1908 -0.6686
vn -0.6322 -0.5056 -0.5872
vn -0.9828 -0.0008 -0.1849
vn -0.7219 -0.0303 -0.6913
vn -0.9960 0.0889 0.0002
vn -0.9791 0.0789 -0.1874
vn -0.7125 0.0460 -0.7002
vn -0.9791 0.0859 -0.1842
vn -0.7159 0.0512 -0.6963
vn -0.9951 0.0988 0.0012
vn -0.7089 0.1122 0.6963
vn -0.9775 0.0969 0.1873
vn -0.9766 0.1094 0.1854
vn -0.7070 0.1376 0.6937
vn -0.1280 -0.6241 -0.7708
vn -0.0902 -0.9911 -0.0976
vn -0.0997 -0.9950 0.0001
vn 0.0000 -0.9942 -0.1072
vn 0.0000 -1.0000 0.0002
vn 0.0001 -0.6512 -0.7589
vn -0.0910 -0.9910 0.0987
vn -0.1324 -0.5726 0.8090
vn 0.0000 -0.9942 0.1079
vn -0.0000 -0.6025 0.7981
vn 0.0997 -0.9950 0.0001
vn 0.0910 -0.9910 0.0987
vn 0.1324 -0.5726 0.8090
vn 0.8108 -0.5652 0.1524
vn 0.6157 -0.4720 0.6309
vn 0.7996 -0.6005 0.0027
vn 0.1280 -0.6241 -0.7708
vn 0.0902 -0.9911 -0.0976
vn 0.8035 -0.5770 -0.1466
vn 0.6322 -0.5056 -0.5872
vn 0.7096 -0.1504 0.6884
vn 0.1468 -0.1640 0.9755
vn -0.0000 -0.1878 0.9822
vn 0.1694 0.0052 0.9855
vn -0.0000 -0.0058 1.0000
vn 0.7161 0.0201 0.6977
vn -0.1468 -0.1640 0.9755
vn -0.1694 0.0052 0.9855
vn 0.0000 0.0886 0.9961
vn -0.1753 0.0930 0.9801
vn -0.1780 0.1258 0.9759
vn -0.0000 0.1228 0.9924
vn 0.7089 0.1122 0.6963
vn 0.1753 0.0930 0.9801
vn 0.1780 0.1258 0.9759
vn 0.7070 0.1376 0.6937
vn 0.7182 0.1553 0.6783
vn 0.1810 0.1505 0.9719
vn -0.0000 0.1483 0.9889
vn 0.1790 0.1782 0.9676
vn -0.0000 0.1786 0.9839
vn 0.7209 0.1793 0.6694
vn -0.1810 0.1505 0.9719
vn -0.7182 0.1553 0.6783
vn -0.1790 0.1782 0.9676
vn -0.7209 0.1793 0.6694
vn 0.0000 0.2404 0.9707
vn -0.1619 0.2339 0.9587
vn -0.7190 0.2328 0.6549
vn -0.1893 0.5236 0.8307
vn -0.6853 0.4146 0.5988
vn -0.0000 0.5314 0.8471
vn 0.7190 0.2328 0.6549
vn 0.1619 0.2339 0.9587
vn 0.1893 0.5236 0.8307
vn 0.6853 0.4146 0.5988
vn -0.9771 0.1148 0.1794
vn -0.9948 0.1017 -0.0006
vn -0.9758 0.1372 0.1702
vn -0.9920 0.1264 -0.0016
vn -0.9797 0.0874 -0.1804
vn -0.7179 0.0504 -0.6944
vn -0.9788 0.1108 -0.1723
vn -0.7179 0.0746 -0.6922
vn -0.9831 0.1829 -0.0023
vn -0.9748 0.1637 -0.1517
vn -0.7113 0.1304 -0.6907
vn -0.8781 0.4439 -0.1788
vn -0.6450 0.3299 -0.6893
vn -0.8865 0.4626 -0.0064
vn -0.9713 0.1865 0.1474
vn -0.8686 0.4667 0.1663
vn -0.1461 -0.2283 -0.9626
vn 0.0000 -0.2521 -0.9677
vn -0.1700 -0.0720 -0.9828
vn 0.0000 -0.0836 -0.9965
vn 0.1461 -0.2283 -0.9626
vn 0.7187 -0.1908 -0.6686
vn 0.1700 -0.0721 -0.9828
vn 0.7219 -0.0303 -0.6913
vn 0.0000 -0.0080 -1.0000
vn 0.1766 -0.0021 -0.9843
vn 0.7125 0.0460 -0.7002
vn 0.1804 0.0011 -0.9836
vn 0.7159 0.0512 -0.6963
vn 0.0000 -0.0039 -1.0000
vn -0.1765 -0.0021 -0.9843
vn -0.1804 0.0011 -0.9836
vn -0.1835 0.0002 -0.9830
vn 0.0000 -0.0044 -1.0000
vn -0.1821 0.0250 -0.9830
vn 0.0000 0.0231 -0.9997
vn 0.1835 0.0002 -0.9830
vn 0.7179 0.0504 -0.6944
vn 0.1821 0.0250 -0.9830
vn 0.7179 0.0746 -0.6922
vn -0.0000 0.0872 -0.9962
vn 0.1649 0.0820 -0.9829
vn 0.7113 0.1304 -0.6907
vn 0.1955 0.3929 -0.8986
vn 0.6450 0.3299 -0.6893
vn -0.0000 0.3993 -0.9168
vn -0.1649 0.0820 -0.9829
vn -0.1955 0.3929 -0.8986
vn 0.9718 -0.1704 -0.1631
vn 0.9828 -0.1848 0.0022
vn 0.9828 -0.0008 -0.1849
vn 1.0000 -0.0000 0.0010
vn 0.9730 -0.1597 0.1667
vn 0.9825 0.0130 0.1856
vn 0.9960 0.0889 0.0002
vn 0.9775 0.0969 0.1873
vn 0.9766 0.1094 0.1854
vn 0.9951 0.0988 0.0012
vn 0.9791 0.0789 -0.1874
vn 0.9791 0.0859 -0.1842
vn 0.9797 0.0874 -0.1804
vn 0.9948 0.1017 -0.0006
vn 0.9788 0.1108 -0.1723
vn 0.9920 0.1264 -0.0016
vn 0.9770 0.1149 0.1798
vn 0.9758 0.1372 0.1702
vn 0.9831 0.1829 -0.0023
vn 0.9713 0.1866 0.1474
vn 0.8686 0.4667 0.1663
vn 0.8865 0.4626 -0.0064
vn 0.9748 0.1637 -0.1517
vn 0.8781 0.4439 -0.1788
vn 0.2809 0.9230 -0.2631
vn 0.3127 0.9498 -0.0025
vn -0.0000 0.9535 -0.3013
vn 0.0000 1.0000 -0.0036
vn 0.2721 0.9293 0.2497
vn 0.0000 0.9590 0.2835
vn -0.3127 0.9498 -0.0025
vn -0.2721 0.9293 0.2497
vn -0.2809 0.9230 -0.2631
usemtl Material.009
s 1
f 873/1431/873 874/1432/874 875/1433/875 876/1434/876
f 876/1434/876 875/1433/875 877/1435/877 878/1436/878
f 875/1433/875 879/1437/879 880/1438/880 877/1435/877
f 874/1432/874 881/1439/881 879/1437/879 875/1433/875
f 878/1436/878 877/1435/877 882/1440/882 883/1441/883
f 883/1441/883 882/1440/882 884/1442/884 885/1443/885
f 882/1440/882 886/1444/886 887/1445/887 884/1442/884
f 877/1435/877 880/1438/880 886/1444/886 882/1440/882
f 880/1438/880 888/1446/888 889/1447/889 886/1444/886
f 886/1444/886 889/1447/889 890/1448/890 887/1445/887
f 889/1447/889 891/1449/891 892/1450/892 890/1448/890
f 888/1446/888 893/1451/893 891/1449/891 889/1447/889
f 881/1439/881 894/1452/894 895/1453/895 879/1437/879
f 879/1437/879 895/1453/895 888/1446/888 880/1438/880
f 895/1453/895 896/1454/896 893/1451/893 888/1446/888
f 894/1452/894 897/1455/897 896/1454/896 895/1453/895
f 885/1456/885 898/1457/898 899/1458/899 883/1459/883
f 883/1459/883 899/1458/899 900/1460/900 878/1461/878
f 899/1458/899 901/1462/901 902/1463/902 900/1460/900
f 898/1457/898 903/1464/903 901/1462/901 899/1458/899
f 878/1461/878 900/1460/900 904/1465/904 876/1466/876
f 876/1466/876 904/1465/904 905/1467/905 873/1468/873
f 904/1465/904 906/1469/906 907/1470/907 905/1467/905
f 900/1460/900 902/1463/902 906/1469/906 904/1465/904
f 902/1463/902 908/1471/908 909/1472/909 906/1469/906
f 906/1469/906 909/1472/909 910/1473/910 907/1470/907
f 909/1472/909 911/1474/911 912/1475/912 910/1473/910
f 908/1471/908 913/1476/913 911/1474/911 909/1472/909
f 903/1464/903 914/1477/914 915/1478/915 901/1462/901
f 901/1462/901 915/1478/915 908/1471/908 902/1463/902
f 915/1478/915 916/1479/916 913/1476/913 908/1471/908
f 914/1477/914 917/1480/917 916/1479/916 915/1478/915
f 912/1481/912 918/1482/918 919/1483/919 910/1484/910
f 910/1484/910 919/1483/919 920/1485/920 907/1486/907
f 919/1483/919 921/1487/921 922/1488/922 920/1485/920
f 918/1482/918 923/1489/923 921/1487/921 919/1483/919
f 907/1486/907 920/1485/920 924/1490/924 905/1491/905
f 905/1491/905 924/1490/924 874/1492/874 873/1493/873
f 924/1490/924 925/1494/925 881/1495/881 874/1492/874
f 920/1485/920 922/1488/922 925/1494/925 924/1490/924
f 922/1488/922 926/1496/926 927/1497/927 925/1494/925
f 925/1494/925 927/1497/927 894/1498/894 881/1495/881
f 927/1497/927 928/1499/928 897/1500/897 894/1498/894
f 926/1496/926 929/1501/929 928/1499/928 927/1497/927
f 923/1489/923 930/1502/930 931/1503/931 921/1487/921
f 921/1487/921 931/1503/931 926/1496/926 922/1488/922
f 931/1503/931 932/1504/932 929/1501/929 926/1496/926
f 930/1502/930 933/1505/933 932/1504/932 931/1503/931
f 933/1505/933 934/1506/934 935/1507/935 932/1504/932
f 932/1504/932 935/1507/935 936/1508/936 929/1501/929
f 935/1507/935 937/1509/937 938/1510/938 936/1508/936
f 934/1506/934 939/1511/939 937/1509/937 935/1507/935
f 929/1501/929 936/1508/936 940/1512/940 928/1499/928
f 928/1499/928 940/1512/940 941/1513/941 897/1500/897
f 940/1512/940 942/1514/942 943/1515/943 941/1513/941
f 936/1508/936 938/1510/938 942/1514/942 940/1512/940
f 938/1510/938 944/1516/944 945/1517/945 942/1514/942
f 942/1514/942 945/1517/945 946/1518/946 943/1515/943
f 945/1517/945 947/1519/947 948/1520/948 946/1518/946
f 944/1516/944 949/1521/949 947/1519/947 945/1517/945
f 939/1511/939 950/1522/950 951/1523/951 937/1509/937
f 937/1509/937 951/1523/951 944/1516/944 938/1510/938
f 951/1523/951 952/1524/952 949/1521/949 944/1516/944
f 950/1522/950 953/1525/953 952/1524/952 951/1523/951
f 897/1455/897 941/1526/941 954/1527/954 896/1454/896
f 896/1454/896 954/1527/954 955/1528/955 893/1451/893
f 954/1527/954 956/1529/956 957/1530/957 955/1528/955
f 941/1526/941 943/1531/943 956/1529/956 954/1527/954
f 893/1451/893 955/1528/955 958/1532/958 891/1449/891
f 891/1449/891 958/1532/958 959/1533/959 892/1450/892
f 958/1532/958 960/1534/960 961/1535/961 959/1533/959
f 955/1528/955 957/1530/957 960/1534/960 958/1532/958
f 957/1530/957 962/1536/962 963/1537/963 960/1534/960
f 960/1534/960 963/1537/963 964/1538/964 961/1535/961
f 963/1537/963 965/1539/965 966/1540/966 964/1538/964
f 962/1536/962 967/1541/967 965/1539/965 963/1537/963
f 943/1531/943 946/1542/946 968/1543/968 956/1529/956
f 956/1529/956 968/1543/968 962/1536/962 957/1530/957
f 968/1543/968 969/1544/969 967/1541/967 962/1536/962
f 946/1542/946 948/1545/948 969/1544/969 968/1543/968
f 885/1546/885 884/1547/884 970/1548/970 898/1549/898
f 898/1549/898 970/1548/970 971/1550/971 903/1551/903
f 970/1548/970 972/1552/972 973/1553/973 971/1550/971
f 884/1547/884 887/1554/887 972/1552/972 970/1548/970
f 903/1551/903 971/1550/971 974/1555/974 914/1556/914
f 914/1556/914 974/1555/974 975/1557/975 917/1558/917
f 974/1555/974 976/1559/976 977/1560/977 975/1557/975
f 971/1550/971 973/1553/973 976/1559/976 974/1555/974
f 973/1553/973 978/1561/978 979/1562/979 976/1559/976
f 976/1559/976 979/1562/979 980/1563/980 977/1560/977
f 979/1562/979 981/1564/981 982/1565/982 980/1563/980
f 978/1561/978 983/1566/983 981/1564/981 979/1562/979
f 887/1554/887 890/1567/890 984/1568/984 972/1552/972
f 972/1552/972 984/1568/984 978/1561/978 973/1553/973
f 984/1568/984 985/1569/985 983/1566/983 978/1561/978
f 890/1567/890 892/1570/892 985/1569/985 984/1568/984
f 892/1570/892 959/1571/959 986/1572/986 985/1569/985
f 985/1569/985 986/1572/986 987/1573/987 983/1566/983
f 986/1572/986 988/1574/988 989/1575/989 987/1573/987
f 959/1571/959 961/1576/961 988/1574/988 986/1572/986
f 983/1566/983 987/1573/987 990/1577/990 981/1564/981
f 981/1564/981 990/1577/990 991/1578/991 982/1565/982
f 990/1577/990 992/1579/992 993/1580/993 991/1578/991
f 987/1573/987 989/1575/989 992/1579/992 990/1577/990
f 989/1575/989 994/1581/994 995/1582/995 992/1579/992
f 992/1579/992 995/1582/995 996/1583/996 993/1580/993
f 995/1582/995 997/1584/997 998/1585/998 996/1583/996
f 994/1581/994 999/1586/999 997/1584/997 995/1582/995
f 961/1576/961 964/1587/964 1000/1588/1000 988/1574/988
f 988/1574/988 1000/1588/1000 994/1581/994 989/1575/989
f 1000/1588/1000 1001/1589/1001 999/1586/999 994/1581/994
f 964/1587/964 966/1590/966 1001/1589/1001 1000/1588/1000
f 917/1591/917 975/1592/975 1002/1593/1002 916/1594/916
f 916/1594/916 1002/1593/1002 1003/1595/1003 913/1596/913
f 1002/1593/1002 1004/1597/1004 1005/1598/1005 1003/1595/1003
f 975/1592/975 977/1599/977 1004/1597/1004 1002/1593/1002
f 913/1596/913 1003/1595/1003 1006/1600/1006 911/1601/911
f 911/1601/911 1006/1600/1006 918/1602/918 912/1603/912
f 1006/1600/1006 1007/1604/1007 923/1605/923 918/1602/918
f 1003/1595/1003 1005/1598/1005 1007/1604/1007 1006/1600/1006
f 1005/1598/1005 1008/1606/1008 1009/1607/1009 1007/1604/1007
f 1007/1604/1007 1009/1607/1009 930/1608/930 923/1605/923
f 1009/1607/1009 1010/1609/1010 933/1610/933 930/1608/930
f 1008/1606/1008 1011/1611/1011 1010/1609/1010 1009/1607/1009
f 977/1599/977 980/1612/980 1012/1613/1012 1004/1597/1004
f 1004/1597/1004 1012/1613/1012 1008/1606/1008 1005/1598/1005
f 1012/1613/1012 1013/1614/1013 1011/1611/1011 1008/1606/1008
f 980/1612/980 982/1615/982 1013/1614/1013 1012/1613/1012
f 982/1615/982 991/1616/991 1014/1617/1014 1013/1614/1013
f 1013/1614/1013 1014/1617/1014 1015/1618/1015 1011/1611/1011
f 1014/1617/1014 1016/1619/1016 1017/1620/1017 1015/1618/1015
f 991/1616/991 993/1621/993 1016/1619/1016 1014/1617/1014
f 1011/1611/1011 1015/1618/1015 1018/1622/1018 1010/1609/1010
f 1010/1609/1010 1018/1622/1018 934/1623/934 933/1610/933
f 1018/1622/1018 1019/1624/1019 939/1625/939 934/1623/934
f 1015/1618/1015 1017/1620/1017 1019/1624/1019 1018/1622/1018
f 1017/1620/1017 1020/1626/1020 1021/1627/1021 1019/1624/1019
f 1019/1624/1019 1021/1627/1021 950/1628/950 939/1625/939
f 1021/1627/1021 1022/1629/1022 953/1630/953 950/1628/950
f 1020/1626/1020 1023/1631/1023 1022/1629/1022 1021/1627/1021
f 993/1621/993 996/1632/996 1024/1633/1024 1016/1619/1016
f 1016/1619/1016 1024/1633/1024 1020/1626/1020 1017/1620/1017
f 1024/1633/1024 1025/1634/1025 1023/1631/1023 1020/1626/1020
f 996/1632/996 998/1635/998 1025/1634/1025 1024/1633/1024
f 998/1636/998 997/1637/997 1026/1638/1026 1025/1639/1025
f 1025/1639/1025 1026/1638/1026 1027/1640/1027 1023/1641/1023
f 1026/1638/1026 1028/1642/1028 1029/1643/1029 1027/1640/1027
f 997/1637/997 999/1644/999 1028/1642/1028 1026/1638/1026
f 1023/1641/1023 1027/1640/1027 1030/1645/1030 1022/1646/1022
f 1022/1646/1022 1030/1645/1030 952/1647/952 953/1648/953
f 1030/1645/1030 1031/1649/1031 949/1650/949 952/1647/952
f 1027/1640/1027 1029/1643/1029 1031/1649/1031 1030/1645/1030
f 1029/1643/1029 1032/1651/1032 1033/1652/1033 1031/1649/1031
f 1031/1649/1031 1033/1652/1033 947/1653/947 949/1650/949
f 1033/1652/1033 969/1654/969 948/1655/948 947/1653/947
f 1032/1651/1032 967/1656/967 969/1654/969 1033/1652/1033
f 999/1644/999 1001/1657/1001 1034/1658/1034 1028/1642/1028
f 1028/1642/1028 1034/1658/1034 1032/1651/1032 1029/1643/1029
f 1034/1658/1034 965/1659/965 967/1656/967 1032/1651/1032
f 1001/1657/1001 966/1660/966 965/1659/965 1034/1658/1034
o torso
v -0.644703 -1.482032 1.219398
v -0.670562 -0.789424 1.268309
v -0.718149 -0.803826 0.657997
v -0.670562 -1.541117 0.646076
v -0.683168 -0.008926 1.292151
v -0.737057 -0.008926 0.669919
v -0.761299 -0.008926 0.000001
v -0.737057 -0.818227 0.000001
v -0.683168 -1.569922 0.000001
v -0.670562 0.771571 1.268309
v -0.718149 0.785973 0.657998
v -0.644703 1.464179 1.219399
v -0.670562 1.523266 0.646076
v -0.683168 1.552069 0.000001
v -0.737057 0.800375 0.000001
v -0.718149 0.785973 -0.657996
v -0.737057 -0.008926 -0.669918
v -0.670562 1.523266 -0.646074
v -0.644703 1.464179 -1.219397
v -0.670562 0.771571 -1.268307
v -0.683168 -0.008926 -1.292149
v -0.718149 -0.803825 -0.657996
v -0.670562 -1.541117 -0.646075
v -0.670562 -0.789424 -1.268308
v -0.644703 -1.482031 -1.219397
v -0.347886 -0.803825 -1.358313
v -0.341584 -1.541117 -1.268308
v -0.354190 -0.008926 -1.394077
v 0.000000 -0.008926 -1.439929
v 0.000000 -0.818227 -1.394077
v 0.000000 -1.569922 -1.292150
v -0.347886 0.785974 -1.358313
v -0.341584 1.523266 -1.268307
v 0.000000 1.552069 -1.292149
v 0.000000 0.800375 -1.394078
v 0.347886 0.785974 -1.358313
v 0.354190 -0.008926 -1.394077
v 0.341584 1.523266 -1.268307
v 0.644703 1.464179 -1.219397
v 0.670562 0.771571 -1.268307
v 0.683168 -0.008926 -1.292149
v 0.347886 -0.803825 -1.358313
v 0.341584 -1.541117 -1.268308
v 0.670562 -0.789424 -1.268308
v 0.644703 -1.482031 -1.219397
v 0.718149 -0.803825 -0.657996
v 0.670562 -1.541117 -0.646075
v 0.737057 -0.008926 -0.669918
v 0.761299 -0.008926 0.000001
v 0.737057 -0.818227 0.000001
v 0.683168 -1.569922 0.000001
v 0.718149 0.785973 -0.657996
v 0.670562 1.523266 -0.646074
v 0.683168 1.552069 0.000001
v 0.737057 0.800375 0.000001
v 0.718149 0.785973 0.657998
v 0.737057 -0.008926 0.669919
v 0.670562 1.523266 0.646076
v 0.644703 1.464179 1.219399
v 0.670562 0.771571 1.268309
v 0.683168 -0.008926 1.292151
v 0.718149 -0.803826 0.657997
v 0.670562 -1.541117 0.646076
v 0.670562 -0.789424 1.268309
v 0.644703 -1.482032 1.219398
v 0.347886 -0.803826 1.358315
v 0.341584 -1.541117 1.268309
v 0.354190 -0.008926 1.394078
v 0.000000 -0.008926 1.439930
v 0.000000 -0.818228 1.394078
v 0.000000 -1.569922 1.292151
v 0.347886 0.785973 1.358315
v 0.341584 1.523266 1.268309
v 0.000000 1.552069 1.292151
v 0.000000 0.800374 1.394080
v -0.347886 0.785973 1.358315
v -0.354190 -0.008926 1.394078
v -0.341584 1.523266 1.268309
v -0.347886 -0.803826 1.358315
v -0.341584 -1.541117 1.268309
v -0.347886 -1.649850 -0.657996
v 0.000000 -1.693056 -0.669918
v 0.000000 -1.748446 0.000001
v -0.354190 -1.693056 0.000001
v 0.347886 -1.649850 -0.657996
v 0.354190 -1.693056 0.000001
v 0.347886 -1.649850 0.657997
v 0.000000 -1.693056 0.669919
v -0.347886 -1.649850 0.657997
v 0.347886 1.631998 -0.657996
v 0.000000 1.675202 -0.669917
v 0.000000 1.730594 0.000001
v 0.354190 1.675202 0.000001
v -0.347886 1.631998 -0.657996
v -0.354190 1.675202 0.000001
v -0.347886 1.631998 0.657998
v 0.000000 1.675202 0.669920
v 0.347886 1.631998 0.657998
vt 0.928544 0.629635
vt 0.928521 0.688899
vt 0.878983 0.689059
vt 0.879112 0.629920
vt 0.928498 0.748164
vt 0.878871 0.748359
vt 0.829342 0.748410
vt 0.829547 0.689198
vt 0.829681 0.630206
vt 0.928678 0.809541
vt 0.878956 0.809426
vt 0.928857 0.870919
vt 0.879059 0.870655
vt 0.829261 0.870391
vt 0.829364 0.809329
vt 0.781189 0.809427
vt 0.781055 0.748663
vt 0.781352 0.870301
vt 0.733443 0.870212
vt 0.733144 0.809543
vt 0.732845 0.748873
vt 0.781233 0.689108
vt 0.781439 0.629664
vt 0.733021 0.688998
vt 0.733197 0.629123
vt 0.725388 0.630223
vt 0.725420 0.689194
vt 0.698182 0.689006
vt 0.698254 0.630205
vt 0.725452 0.748166
vt 0.698130 0.748028
vt 0.670843 0.747754
vt 0.671000 0.688858
vt 0.671121 0.630188
vt 0.725690 0.809692
vt 0.698287 0.809474
vt 0.725928 0.871218
vt 0.698464 0.871142
vt 0.671001 0.871065
vt 0.670920 0.809289
vt 0.643941 0.809460
vt 0.644125 0.748143
vt 0.643768 0.870990
vt 0.616536 0.870914
vt 0.616998 0.809664
vt 0.617460 0.748413
vt 0.644425 0.689150
vt 0.644735 0.630370
vt 0.617905 0.689483
vt 0.618350 0.630553
vt 0.612381 0.630049
vt 0.612368 0.682091
vt 0.563353 0.682550
vt 0.563462 0.630080
vt 0.612354 0.734133
vt 0.563220 0.736236
vt 0.514129 0.736986
vt 0.514356 0.682944
vt 0.514544 0.630111
vt 0.612277 0.802615
vt 0.562836 0.803179
vt 0.612199 0.871097
vt 0.562429 0.871337
vt 0.512658 0.871577
vt 0.513487 0.803680
vt 0.465148 0.803491
vt 0.465457 0.736866
vt 0.464819 0.871250
vt 0.416981 0.870922
vt 0.416901 0.803238
vt 0.416820 0.735555
vt 0.465566 0.682620
vt 0.465656 0.629509
vt 0.416794 0.682231
vt 0.416768 0.628907
vt 0.411578 0.630930
vt 0.411683 0.689256
vt 0.381851 0.688985
vt 0.381997 0.630613
vt 0.411788 0.747582
vt 0.381718 0.747605
vt 0.352143 0.747456
vt 0.352475 0.688752
vt 0.352416 0.630295
vt 0.411899 0.808977
vt 0.381728 0.808929
vt 0.412010 0.870372
vt 0.381751 0.870500
vt 0.351491 0.870628
vt 0.352071 0.808914
vt 0.328034 0.809272
vt 0.327987 0.748017
vt 0.328094 0.870726
vt 0.304696 0.870825
vt 0.304512 0.809665
vt 0.304327 0.748504
vt 0.328083 0.688927
vt 0.328193 0.630035
vt 0.304148 0.689140
vt 0.303970 0.629775
vt 0.416682 0.626885
vt 0.417067 0.605403
vt 0.466072 0.605039
vt 0.465879 0.626405
vt 0.417452 0.583921
vt 0.466261 0.583749
vt 0.515075 0.583542
vt 0.515064 0.604735
vt 0.515076 0.625926
vt 0.417755 0.563417
vt 0.466415 0.563293
vt 0.418058 0.542913
vt 0.466567 0.542913
vt 0.515076 0.542913
vt 0.515076 0.563189
vt 0.563736 0.563305
vt 0.563879 0.583775
vt 0.563585 0.542913
vt 0.612093 0.542913
vt 0.612397 0.563442
vt 0.612700 0.583970
vt 0.563931 0.605091
vt 0.563973 0.626485
vt 0.612785 0.605507
vt 0.612871 0.627044
vt 0.612852 0.876254
vt 0.612793 0.896410
vt 0.563570 0.896072
vt 0.563689 0.875985
vt 0.612733 0.916566
vt 0.563450 0.916245
vt 0.511855 0.915842
vt 0.512014 0.895752
vt 0.511674 0.875715
vt 0.612673 0.937694
vt 0.563329 0.937351
vt 0.612613 0.958822
vt 0.563209 0.958543
vt 0.511427 0.958264
vt 0.511689 0.937022
vt 0.465683 0.936843
vt 0.465730 0.915358
vt 0.465628 0.958488
vt 0.417452 0.958713
vt 0.417380 0.936678
vt 0.417308 0.914643
vt 0.465696 0.895624
vt 0.465653 0.876050
vt 0.417044 0.895514
vt 0.416781 0.876384
vn -0.8245 -0.3608 0.4359
vn -0.8826 -0.0577 0.4666
vn -0.9978 -0.0427 0.0516
vn -0.9137 -0.3999 0.0721
vn -0.8840 -0.0000 0.4674
vn -0.9983 -0.0000 0.0578
vn -1.0000 -0.0000 -0.0000
vn -0.9988 -0.0479 -0.0000
vn -0.9161 -0.4009 -0.0000
vn -0.8826 0.0577 0.4666
vn -0.9978 0.0427 0.0516
vn -0.8245 0.3608 0.4359
vn -0.9137 0.3999 0.0721
vn -0.9161 0.4009 0.0000
vn -0.9989 0.0476 0.0000
vn -0.9978 0.0427 -0.0516
vn -0.9983 0.0000 -0.0578
vn -0.9137 0.3999 -0.0721
vn -0.8245 0.3608 -0.4359
vn -0.8826 0.0577 -0.4666
vn -0.8840 0.0000 -0.4674
vn -0.9978 -0.0427 -0.0516
vn -0.9137 -0.3999 -0.0721
vn -0.8826 -0.0577 -0.4666
vn -0.8245 -0.3608 -0.4359
vn -0.1812 -0.0793 -0.9802
vn -0.2125 -0.6231 -0.7527
vn -0.2022 0.0000 -0.9793
vn -0.0000 -0.0000 -1.0000
vn -0.0000 -0.0903 -0.9959
vn -0.0000 -0.6377 -0.7703
vn -0.1812 0.0793 -0.9802
vn -0.2125 0.6231 -0.7527
vn 0.0000 0.6377 -0.7703
vn 0.0000 0.0903 -0.9959
vn 0.1812 0.0793 -0.9802
vn 0.2022 -0.0000 -0.9793
vn 0.2125 0.6231 -0.7527
vn 0.8245 0.3608 -0.4359
vn 0.8826 0.0577 -0.4666
vn 0.8840 -0.0000 -0.4674
vn 0.1811 -0.0793 -0.9803
vn 0.2125 -0.6231 -0.7527
vn 0.8826 -0.0577 -0.4666
vn 0.8245 -0.3608 -0.4359
vn 0.9978 -0.0427 -0.0516
vn 0.9137 -0.3999 -0.0721
vn 0.9983 0.0000 -0.0578
vn 1.0000 0.0000 -0.0000
vn 0.9988 -0.0479 -0.0000
vn 0.9161 -0.4009 0.0000
vn 0.9978 0.0427 -0.0516
vn 0.9137 0.3999 -0.0721
vn 0.9161 0.4009 0.0000
vn 0.9989 0.0476 0.0000
vn 0.9978 0.0427 0.0516
vn 0.9983 0.0000 0.0578
vn 0.9137 0.3999 0.0721
vn 0.8245 0.3608 0.4359
vn 0.8826 0.0577 0.4666
vn 0.8840 -0.0000 0.4674
vn 0.9978 -0.0427 0.0516
vn 0.9137 -0.3999 0.0721
vn 0.8826 -0.0577 0.4666
vn 0.8245 -0.3608 0.4359
vn 0.1812 -0.0793 0.9802
vn 0.2125 -0.6231 0.7527
vn 0.2022 -0.0000 0.9793
vn -0.0000 -0.0000 1.0000
vn 0.0000 -0.0903 0.9959
vn 0.0000 -0.6377 0.7703
vn 0.1812 0.0793 0.9802
vn 0.2125 0.6231 0.7527
vn -0.0000 0.6377 0.7703
vn 0.0000 0.0903 0.9959
vn -0.1812 0.0793 0.9802
vn -0.2022 -0.0000 0.9793
vn -0.2125 0.6231 0.7527
vn -0.1811 -0.0793 0.9803
vn -0.2125 -0.6231 0.7527
vn -0.2165 -0.9696 -0.1145
vn 0.0000 -0.9914 -0.1306
vn 0.0000 -1.0000 -0.0000
vn -0.2422 -0.9702 -0.0000
vn 0.2165 -0.9696 -0.1145
vn 0.2422 -0.9702 -0.0000
vn 0.2165 -0.9696 0.1145
vn -0.0000 -0.9914 0.1306
vn -0.2165 -0.9696 0.1145
vn 0.2164 0.9696 -0.1145
vn 0.0000 0.9914 -0.1306
vn 0.0000 1.0000 0.0000
vn 0.2422 0.9702 -0.0000
vn -0.2164 0.9696 -0.1145
vn -0.2422 0.9702 -0.0000
vn -0.2164 0.9696 0.1145
vn 0.0000 0.9914 0.1306
vn 0.2164 0.9696 0.1145
usemtl Shirt
s 1
f 1035/1661/1035 1036/1662/1036 1037/1663/1037 1038/1664/1038
f 1036/1662/1036 1039/1665/1039 1040/1666/1040 1037/1663/1037
f 1037/1663/1037 1040/1666/1040 1041/1667/1041 1042/1668/1042
f 1038/1664/1038 1037/1663/1037 1042/1668/1042 1043/1669/1043
f 1039/1665/1039 1044/1670/1044 1045/1671/1045 1040/1666/1040
f 1044/1670/1044 1046/1672/1046 1047/1673/1047 1045/1671/1045
f 1045/1671/1045 1047/1673/1047 1048/1674/1048 1049/1675/1049
f 1040/1666/1040 1045/1671/1045 1049/1675/1049 1041/1667/1041
f 1041/1667/1041 1049/1675/1049 1050/1676/1050 1051/1677/1051
f 1049/1675/1049 1048/1674/1048 1052/1678/1052 1050/1676/1050
f 1050/1676/1050 1052/1678/1052 1053/1679/1053 1054/1680/1054
f 1051/1677/1051 1050/1676/1050 1054/1680/1054 1055/1681/1055
f 1043/1669/1043 1042/1668/1042 1056/1682/1056 1057/1683/1057
f 1042/1668/1042 1041/1667/1041 1051/1677/1051 1056/1682/1056
f 1056/1682/1056 1051/1677/1051 1055/1681/1055 1058/1684/1058
f 1057/1683/1057 1056/1682/1056 1058/1684/1058 1059/1685/1059
f 1059/1686/1059 1058/1687/1058 1060/1688/1060 1061/1689/1061
f 1058/1687/1058 1055/1690/1055 1062/1691/1062 1060/1688/1060
f 1060/1688/1060 1062/1691/1062 1063/1692/1063 1064/1693/1064
f 1061/1689/1061 1060/1688/1060 1064/1693/1064 1065/1694/1065
f 1055/1690/1055 1054/1695/1054 1066/1696/1066 1062/1691/1062
f 1054/1695/1054 1053/1697/1053 1067/1698/1067 1066/1696/1066
f 1066/1696/1066 1067/1698/1067 1068/1699/1068 1069/1700/1069
f 1062/1691/1062 1066/1696/1066 1069/1700/1069 1063/1692/1063
f 1063/1692/1063 1069/1700/1069 1070/1701/1070 1071/1702/1071
f 1069/1700/1069 1068/1699/1068 1072/1703/1072 1070/1701/1070
f 1070/1701/1070 1072/1703/1072 1073/1704/1073 1074/1705/1074
f 1071/1702/1071 1070/1701/1070 1074/1705/1074 1075/1706/1075
f 1065/1694/1065 1064/1693/1064 1076/1707/1076 1077/1708/1077
f 1064/1693/1064 1063/1692/1063 1071/1702/1071 1076/1707/1076
f 1076/1707/1076 1071/1702/1071 1075/1706/1075 1078/1709/1078
f 1077/1708/1077 1076/1707/1076 1078/1709/1078 1079/1710/1079
f 1079/1711/1079 1078/1712/1078 1080/1713/1080 1081/1714/1081
f 1078/1712/1078 1075/1715/1075 1082/1716/1082 1080/1713/1080
f 1080/1713/1080 1082/1716/1082 1083/1717/1083 1084/1718/1084
f 1081/1714/1081 1080/1713/1080 1084/1718/1084 1085/1719/1085
f 1075/1715/1075 1074/1720/1074 1086/1721/1086 1082/1716/1082
f 1074/1720/1074 1073/1722/1073 1087/1723/1087 1086/1721/1086
f 1086/1721/1086 1087/1723/1087 1088/1724/1088 1089/1725/1089
f 1082/1716/1082 1086/1721/1086 1089/1725/1089 1083/1717/1083
f 1083/1717/1083 1089/1725/1089 1090/1726/1090 1091/1727/1091
f 1089/1725/1089 1088/1724/1088 1092/1728/1092 1090/1726/1090
f 1090/1726/1090 1092/1728/1092 1093/1729/1093 1094/1730/1094
f 1091/1727/1091 1090/1726/1090 1094/1730/1094 1095/1731/1095
f 1085/1719/1085 1084/1718/1084 1096/1732/1096 1097/1733/1097
f 1084/1718/1084 1083/1717/1083 1091/1727/1091 1096/1732/1096
f 1096/1732/1096 1091/1727/1091 1095/1731/1095 1098/1734/1098
f 1097/1733/1097 1096/1732/1096 1098/1734/1098 1099/1735/1099
f 1099/1736/1099 1098/1737/1098 1100/1738/1100 1101/1739/1101
f 1098/1737/1098 1095/1740/1095 1102/1741/1102 1100/1738/1100
f 1100/1738/1100 1102/1741/1102 1103/1742/1103 1104/1743/1104
f 1101/1739/1101 1100/1738/1100 1104/1743/1104 1105/1744/1105
f 1095/1740/1095 1094/1745/1094 1106/1746/1106 1102/1741/1102
f 1094/1745/1094 1093/1747/1093 1107/1748/1107 1106/1746/1106
f 1106/1746/1106 1107/1748/1107 1108/1749/1108 1109/1750/1109
f 1102/1741/1102 1106/1746/1106 1109/1750/1109 1103/1742/1103
f 1103/1742/1103 1109/1750/1109 1110/1751/1110 1111/1752/1111
f 1109/1750/1109 1108/1749/1108 1112/1753/1112 1110/1751/1110
f 1110/1751/1110 1112/1753/1112 1046/1754/1046 1044/1755/1044
f 1111/1752/1111 1110/1751/1110 1044/1755/1044 1039/1756/1039
f 1105/1744/1105 1104/1743/1104 1113/1757/1113 1114/1758/1114
f 1104/1743/1104 1103/1742/1103 1111/1752/1111 1113/1757/1113
f 1113/1757/1113 1111/1752/1111 1039/1756/1039 1036/1759/1036
f 1114/1758/1114 1113/1757/1113 1036/1759/1036 1035/1760/1035
f 1059/1761/1059 1061/1762/1061 1115/1763/1115 1057/1764/1057
f 1061/1762/1061 1065/1765/1065 1116/1766/1116 1115/1763/1115
f 1115/1763/1115 1116/1766/1116 1117/1767/1117 1118/1768/1118
f 1057/1764/1057 1115/1763/1115 1118/1768/1118 1043/1769/1043
f 1065/1765/1065 1077/1770/1077 1119/1771/1119 1116/1766/1116
f 1077/1770/1077 1079/1772/1079 1081/1773/1081 1119/1771/1119
f 1119/1771/1119 1081/1773/1081 1085/1774/1085 1120/1775/1120
f 1116/1766/1116 1119/1771/1119 1120/1775/1120 1117/1767/1117
f 1117/1767/1117 1120/1775/1120 1121/1776/1121 1122/1777/1122
f 1120/1775/1120 1085/1774/1085 1097/1778/1097 1121/1776/1121
f 1121/1776/1121 1097/1778/1097 1099/1779/1099 1101/1780/1101
f 1122/1777/1122 1121/1776/1121 1101/1780/1101 1105/1781/1105
f 1043/1769/1043 1118/1768/1118 1123/1782/1123 1038/1783/1038
f 1118/1768/1118 1117/1767/1117 1122/1777/1122 1123/1782/1123
f 1123/1782/1123 1122/1777/1122 1105/1781/1105 1114/1784/1114
f 1038/1783/1038 1123/1782/1123 1114/1784/1114 1035/1785/1035
f 1073/1786/1073 1072/1787/1072 1124/1788/1124 1087/1789/1087
f 1072/1787/1072 1068/1790/1068 1125/1791/1125 1124/1788/1124
f 1124/1788/1124 1125/1791/1125 1126/1792/1126 1127/1793/1127
f 1087/1789/1087 1124/1788/1124 1127/1793/1127 1088/1794/1088
f 1068/1790/1068 1067/1795/1067 1128/1796/1128 1125/1791/1125
f 1067/1795/1067 1053/1797/1053 1052/1798/1052 1128/1796/1128
f 1128/1796/1128 1052/1798/1052 1048/1799/1048 1129/1800/1129
f 1125/1791/1125 1128/1796/1128 1129/1800/1129 1126/1792/1126
f 1126/1792/1126 1129/1800/1129 1130/1801/1130 1131/1802/1131
f 1129/1800/1129 1048/1799/1048 1047/1803/1047 1130/1801/1130
f 1130/1801/1130 1047/1803/1047 1046/1804/1046 1112/1805/1112
f 1131/1802/1131 1130/1801/1130 1112/1805/1112 1108/1806/1108
f 1088/1794/1088 1127/1793/1127 1132/1807/1132 1092/1808/1092
f 1127/1793/1127 1126/1792/1126 1131/1802/1131 1132/1807/1132
f 1132/1807/1132 1131/1802/1131 1108/1806/1108 1107/1809/1107
f 1092/1808/1092 1132/1807/1132 1107/1809/1107 1093/1810/1093
o face_Cube.018
v 1.047014 2.150368 0.494099
v 0.841609 1.747299 0.494099
v 0.834862 1.772228 0.644509
v 0.812431 1.819890 0.753395
v 1.022622 2.150368 0.645562
v 0.951906 2.150368 0.782096
v 1.022622 1.996394 0.494099
v 0.993735 1.992313 0.650453
v 0.926977 1.997464 0.775460
v 0.951906 1.857596 0.494099
v 0.926624 1.864088 0.644898
v 0.879315 1.886773 0.753395
v 0.841609 2.150368 0.890594
v 0.835116 1.997069 0.865725
v 0.812431 1.886773 0.819187
v 1.047014 3.154953 0.494099
v 0.841609 3.558023 0.494099
v 0.835116 3.532742 0.644898
v 0.812431 3.485432 0.753394
v 0.841609 3.154953 0.890594
v 0.834862 3.307858 0.866072
v 0.812431 3.418549 0.819187
v 1.022622 3.308928 0.494099
v 0.951906 3.447726 0.494099
v 1.022622 3.154953 0.645562
v 0.993735 3.313900 0.649577
v 0.926977 3.440979 0.644509
v 0.951906 3.154953 0.782096
v 0.926624 3.308253 0.775710
v 0.879315 3.418549 0.753394
v 1.047014 2.150368 -0.494099
v 0.841609 1.747298 -0.494099
v 0.835116 1.772580 -0.644898
v 0.812431 1.819889 -0.753394
v 0.841609 2.150368 -0.890594
v 0.834862 1.997464 -0.866072
v 0.812431 1.886773 -0.819187
v 1.022622 1.996394 -0.494099
v 0.951906 1.857596 -0.494099
v 1.022622 2.150368 -0.645562
v 0.993735 1.991422 -0.649577
v 0.926977 1.864342 -0.644509
v 0.951906 2.150368 -0.782096
v 0.926624 1.997069 -0.775710
v 0.879315 1.886773 -0.753394
v 1.047014 3.154953 -0.494099
v 0.841609 3.558023 -0.494099
v 0.834862 3.533094 -0.644509
v 0.812431 3.485432 -0.753395
v 1.022622 3.154953 -0.645562
v 0.951906 3.154953 -0.782096
v 1.022622 3.308928 -0.494099
v 0.993735 3.313009 -0.650453
v 0.926977 3.307858 -0.775460
v 0.951906 3.447726 -0.494099
v 0.926624 3.441234 -0.644898
v 0.879315 3.418548 -0.753395
v 0.841609 3.154953 -0.890594
v 0.835116 3.308253 -0.865725
v 0.812431 3.418548 -0.819187
vt 0.186329 -0.087588
vt 0.194162 0.009797
vt 0.098712 0.013520
vt 0.085893 -0.068259
vt 0.022774 0.019154
vt 0.008470 -0.040792
vt 0.200328 0.197710
vt 0.107325 0.196223
vt 0.103102 0.100522
vt 0.199154 0.104530
vt 0.012353 0.190997
vt 0.016696 0.095277
vt -0.087538 0.181528
vt -0.065075 0.080177
vt -0.036534 0.004132
vt -0.088032 0.813666
vt 0.009363 0.805874
vt 0.013067 0.901332
vt -0.068732 0.914140
vt 0.018698 0.977284
vt -0.041264 0.991592
vt 0.197224 0.799755
vt 0.195760 0.892720
vt 0.100072 0.896949
vt 0.104085 0.800912
vt 0.190566 0.987682
vt 0.094836 0.983359
vt 0.181136 1.087588
vt 0.079748 1.065150
vt 0.003677 1.036609
vt 1.087624 0.186335
vt 0.990229 0.194126
vt 0.986524 0.098668
vt 1.068324 0.085860
vt 0.980893 0.022716
vt 1.040855 0.008408
vt 0.802368 0.200245
vt 0.803832 0.107280
vt 0.899520 0.103051
vt 0.895507 0.199089
vt 0.809026 0.012318
vt 0.904756 0.016641
vt 0.818456 -0.087588
vt 0.919843 -0.065150
vt 0.995915 -0.036609
vt 0.813262 1.087588
vt 0.805430 0.990203
vt 0.900880 0.986480
vt 0.913699 1.068259
vt 0.976817 0.980846
vt 0.991122 1.040792
vt 0.799264 0.802290
vt 0.892267 0.803777
vt 0.896490 0.899479
vt 0.800437 0.895470
vt 0.987238 0.809003
vt 0.982896 0.904723
vt 1.087129 0.818472
vt 1.064667 0.919823
vt 1.036125 0.995868
vn 0.7053 -0.7053 0.0718
vn 0.8072 -0.5852 0.0770
vn 0.7694 -0.5691 0.2900
vn 0.6801 -0.6803 0.2733
vn 0.6815 -0.5133 0.5216
vn 0.6199 -0.6203 0.4806
vn 0.9934 -0.0802 0.0815
vn 0.9465 -0.0800 0.3127
vn 0.8993 -0.3064 0.3120
vn 0.9478 -0.3084 0.0818
vn 0.8028 -0.0750 0.5915
vn 0.7668 -0.2840 0.5756
vn 0.6995 -0.0701 0.7112
vn 0.6756 -0.2685 0.6866
vn 0.6182 -0.4725 0.6281
vn 0.6996 0.0702 0.7111
vn 0.8029 0.0754 0.5913
vn 0.7666 0.2844 0.5758
vn 0.6755 0.2679 0.6870
vn 0.6815 0.5133 0.5217
vn 0.6179 0.4725 0.6285
vn 0.9934 0.0802 0.0815
vn 0.9478 0.3082 0.0815
vn 0.8993 0.3073 0.3111
vn 0.9464 0.0803 0.3128
vn 0.8071 0.5855 0.0766
vn 0.7697 0.5689 0.2896
vn 0.7053 0.7053 0.0718
vn 0.6802 0.6799 0.2739
vn 0.6202 0.6199 0.4807
vn 0.6996 -0.0702 -0.7111
vn 0.8029 -0.0754 -0.5913
vn 0.7666 -0.2844 -0.5758
vn 0.6755 -0.2679 -0.6870
vn 0.6815 -0.5133 -0.5217
vn 0.6179 -0.4725 -0.6285
vn 0.9934 -0.0802 -0.0815
vn 0.9478 -0.3082 -0.0815
vn 0.8993 -0.3073 -0.3111
vn 0.9464 -0.0803 -0.3128
vn 0.8071 -0.5855 -0.0766
vn 0.7697 -0.5689 -0.2896
vn 0.7053 -0.7053 -0.0718
vn 0.6802 -0.6799 -0.2739
vn 0.6202 -0.6199 -0.4807
vn 0.7053 0.7053 -0.0718
vn 0.8072 0.5852 -0.0770
vn 0.7694 0.5691 -0.2900
vn 0.6801 0.6803 -0.2733
vn 0.6815 0.5133 -0.5216
vn 0.6199 0.6203 -0.4806
vn 0.9934 0.0802 -0.0815
vn 0.9465 0.0800 -0.3127
vn 0.8993 0.3064 -0.3120
vn 0.9478 0.3084 -0.0818
vn 0.8028 0.0750 -0.5915
vn 0.7668 0.2840 -0.5756
vn 0.6995 0.0701 -0.7112
vn 0.6756 0.2685 -0.6866
vn 0.6182 0.4725 -0.6281
usemtl Material.007
s 1
f 1134/1811/1133 1142/1812/1134 1143/1813/1135 1135/1814/1136
f 1135/1814/1136 1143/1813/1135 1144/1815/1137 1136/1816/1138
f 1133/1817/1139 1137/1818/1140 1140/1819/1141 1139/1820/1142
f 1137/1818/1140 1138/1821/1143 1141/1822/1144 1140/1819/1141
f 1138/1821/1143 1145/1823/1145 1146/1824/1146 1141/1822/1144
f 1139/1820/1142 1140/1819/1141 1143/1813/1135 1142/1812/1134
f 1140/1819/1141 1141/1822/1144 1144/1815/1137 1143/1813/1135
f 1141/1822/1144 1146/1824/1146 1147/1825/1147 1144/1815/1137
f 1136/1816/1138 1144/1815/1137 1147/1825/1147
f 1152/1826/1148 1160/1827/1149 1161/1828/1150 1153/1829/1151
f 1153/1829/1151 1161/1828/1150 1162/1830/1152 1154/1831/1153
f 1148/1832/1154 1155/1833/1155 1158/1834/1156 1157/1835/1157
f 1155/1833/1155 1156/1836/1158 1159/1837/1159 1158/1834/1156
f 1156/1836/1158 1149/1838/1160 1150/1839/1161 1159/1837/1159
f 1157/1835/1157 1158/1834/1156 1161/1828/1150 1160/1827/1149
f 1158/1834/1156 1159/1837/1159 1162/1830/1152 1161/1828/1150
f 1159/1837/1159 1150/1839/1161 1151/1840/1162 1162/1830/1152
f 1151/1840/1162 1154/1831/1153 1162/1830/1152
f 1167/1841/1163 1175/1842/1164 1176/1843/1165 1168/1844/1166
f 1168/1844/1166 1176/1843/1165 1177/1845/1167 1169/1846/1168
f 1163/1847/1169 1170/1848/1170 1173/1849/1171 1172/1850/1172
f 1170/1848/1170 1171/1851/1173 1174/1852/1174 1173/1849/1171
f 1171/1851/1173 1164/1853/1175 1165/1854/1176 1174/1852/1174
f 1172/1850/1172 1173/1849/1171 1176/1843/1165 1175/1842/1164
f 1173/1849/1171 1174/1852/1174 1177/1845/1167 1176/1843/1165
f 1174/1852/1174 1165/1854/1176 1166/1855/1177 1177/1845/1167
f 1166/1855/1177 1169/1846/1168 1177/1845/1167
f 1179/1856/1178 1187/1857/1179 1188/1858/1180 1180/1859/1181
f 1180/1859/1181 1188/1858/1180 1189/1860/1182 1181/1861/1183
f 1178/1862/1184 1182/1863/1185 1185/1864/1186 1184/1865/1187
f 1182/1863/1185 1183/1866/1188 1186/1867/1189 1185/1864/1186
f 1183/1866/1188 1190/1868/1190 1191/1869/1191 1186/1867/1189
f 1184/1865/1187 1185/1864/1186 1188/1858/1180 1187/1857/1179
f 1185/1864/1186 1186/1867/1189 1189/1860/1182 1188/1858/1180
f 1186/1867/1189 1191/1869/1191 1192/1870/1192 1189/1860/1182
f 1181/1861/1183 1189/1860/1182 1192/1870/1192
f 1178/1862/1184 1163/1847/1169 1172/1850/1172 1182/1863/1185
f 1182/1863/1185 1172/1850/1172 1175/1842/1164 1183/1866/1188
f 1183/1866/1188 1175/1842/1164 1167/1841/1163 1190/1868/1190
f 1134/1811/1133 1164/1853/1175 1171/1851/1173 1142/1812/1134
f 1142/1812/1134 1171/1851/1173 1170/1848/1170 1139/1820/1142
f 1139/1820/1142 1170/1848/1170 1163/1847/1169 1133/1817/1139
f 1179/1856/1178 1149/1838/1160 1156/1836/1158 1187/1857/1179
f 1187/1857/1179 1156/1836/1158 1155/1833/1155 1184/1865/1187
f 1184/1865/1187 1155/1833/1155 1148/1832/1154 1178/1862/1184
f 1152/1826/1148 1145/1823/1145 1138/1821/1143 1160/1827/1149
f 1160/1827/1149 1138/1821/1143 1137/1818/1140 1157/1835/1157
f 1157/1835/1157 1137/1818/1140 1133/1817/1139 1148/1832/1154
f 1163/1847/1169 1178/1862/1184 1148/1832/1154 1133/1817/1139
